frame_index,frame_path,t,hand_found,cam_tx,cam_ty,cam_tz,roll,pitch,yaw,grip_raw_px,kp00_x,kp00_y,kp00_conf,kp01_x,kp01_y,kp01_conf,kp02_x,kp02_y,kp02_conf,kp03_x,kp03_y,kp03_conf,kp04_x,kp04_y,kp04_conf,kp05_x,kp05_y,kp05_conf,kp06_x,kp06_y,kp06_conf,kp07_x,kp07_y,kp07_conf,kp08_x,kp08_y,kp08_conf,kp09_x,kp09_y,kp09_conf,kp10_x,kp10_y,kp10_conf,kp11_x,kp11_y,kp11_conf,kp12_x,kp12_y,kp12_conf,kp13_x,kp13_y,kp13_conf,kp14_x,kp14_y,kp14_conf,kp15_x,kp15_y,kp15_conf,kp16_x,kp16_y,kp16_conf,kp17_x,kp17_y,kp17_conf,kp18_x,kp18_y,kp18_conf,kp19_x,kp19_y,kp19_conf,kp20_x,kp20_y,kp20_conf,grip_norm_0closed_1open,grasp_pitch_table_deg,grasp_roll_table_deg,grasp_tilt_table_deg,grasp_pitch_camera_deg,grasp_roll_camera_deg,grasp_tilt_camera_deg,kp02_valid,kp02_reason,kp03_valid,kp03_reason,kp04_valid,kp04_reason,kp05_valid,kp05_reason,kp06_valid,kp06_reason,kp07_valid,kp07_reason,kp08_valid,kp08_reason
60,/data2/hrd/Dyn-HaMR/test/images/rgb/000061.jpg,2.0,1,0.13225002586841583,0.2150946855545044,0.7662765383720398,-3.1219000653261544,-0.05046668061278764,1.2056538500857652,155.8042822581464,690.2849720917948,597.18967370459,1.0,661.5599645987471,589.3181801751052,1.0,634.6945667851603,573.6540650544582,1.0,596.4806247048467,553.4334855735433,1.0,538.4354549800422,517.2881260544334,1.0,637.7607703758367,475.950425666529,1.0,606.7441313063416,427.0760385682467,1.0,583.3909834681863,397.9571450996185,1.0,559.6062812159701,362.92890058843057,1.0,634.0817563294053,456.0169109770262,1.0,605.9915853066802,414.03073430269524,1.0,582.2466475973386,388.0147093332104,1.0,558.443489119219,356.8029295339087,1.0,632.6693559541297,469.40164702609525,1.0,611.8140860356538,431.71619038619247,1.0,588.0534141867014,404.809651515126,1.0,571.4032927611737,372.04954055112955,1.0,628.0116445870542,484.7076185799888,1.0,614.289818621314,457.8524858010048,1.0,599.1027943134575,436.81959017966864,1.0,586.1445736577332,411.8049011706389,1.0,0.8634725126523574,71.91970057152456,67.0693037504452,75.50856986034283,81.41097328750202,-79.85496345655532,83.4161011278278,0,thumb_chain_height_break,1,OK,1,OK,1,OK,1,OK,1,OK,1,OK
61,/data2/hrd/Dyn-HaMR/test/images/rgb/000062.jpg,2.033333333333333,1,0.13296079635620117,0.21363788843154907,0.7741665840148926,-3.1168999426787476,-0.070280651491073,1.197240865631048,160.2332226629169,687.970637332317,591.3683241278668,1.0,659.2357984374848,584.4129749638887,1.0,632.3960779761765,570.5724288152705,1.0,594.6073604515041,552.8975987692393,1.0,536.9644908634154,520.0169521288008,1.0,635.1140133980298,472.5238690260121,1.0,603.2819031424433,424.54478124473326,1.0,580.1541753135155,395.54116207746665,1.0,555.9973700724865,360.91813015341086,1.0,631.5002242616611,452.1581137336734,1.0,602.7394568963509,410.83964383793796,1.0,579.006859424703,385.0321719874214,1.0,554.7730412899427,354.2578593149101,1.0,630.2838180673189,465.0120475068943,1.0,608.3345006408017,428.11938741785843,1.0,584.0743006208559,401.6293787401714,1.0,566.285692779387,369.3121326349856,1.0,625.7697402256563,479.98440330217636,1.0,611.2286277898011,453.66889875088236,1.0,595.7193640783744,432.84545962157335,1.0,581.8614637747833,408.4008599865682,1.0,0.8910849547560594,71.38723471390503,68.84270757989803,75.74507342784797,78.73304892352834,-77.93508280481821,81.70847414446722,0,thumb_chain_height_break,1,OK,1,OK,1,OK,1,OK,1,OK,1,OK
62,/data2/hrd/Dyn-HaMR/test/images/rgb/000063.jpg,2.066666666666667,1,0.13260263204574585,0.21167106926441193,0.7819507122039795,-3.091817134257918,-0.07731481031727758,1.1955875284444084,152.3104258028051,683.9872873186954,585.2164067211464,1.0,653.8749290352547,576.6129241343054,1.0,622.1900902632746,559.7603416449808,1.0,582.2273261644441,539.487292557038,1.0,525.400351092263,504.97084942707204,1.0,630.3955450725601,467.0341572792701,1.0,599.7606947456031,419.280093316871,1.0,576.9356557731144,390.273894576404,1.0,553.4110462345956,355.25823551002395,1.0,627.9446426150292,447.083736169306,1.0,599.0249977111816,406.23769180466695,1.0,574.7476191053869,380.98423573677735,1.0,550.6498826475257,350.0540174833586,1.0,627.639844173369,459.9923043467752,1.0,605.6967981137277,422.99663699412974,1.0,581.5360760486959,396.44543420148824,1.0,563.9970125927587,363.9135547035852,1.0,623.6435218297654,475.13426269723766,1.0,608.816604334821,448.8115975412463,1.0,592.763973708318,428.32089917345854,1.0,578.1987232942381,404.0510296229454,1.0,0.8416898964338497,-55.675305841556536,-33.265326045431046,58.071644272955176,-52.112352653558666,-0.43448532705664217,52.11283328136722,1,OK,1,OK,0,thumb_chain_height_break,1,OK,1,OK,1,OK,1,OK
63,/data2/hrd/Dyn-HaMR/test/images/rgb/000064.jpg,2.1,1,0.13783711194992065,0.20752626657485962,0.7864634990692139,-3.118967718904477,0.06259457879623113,1.1279990049171136,134.57086118768663,690.3868637228297,577.0328260311217,1.0,656.7373851651064,562.198211359384,1.0,615.7668750046893,538.0239881114103,1.0,574.0480619161219,515.9517901453801,1.0,529.3914445852399,486.806821592579,1.0,624.7853338977462,455.7230074860248,1.0,593.3055420041783,412.15530717962736,1.0,571.1083313711108,385.3921374856218,1.0,547.6834962382893,353.4849646931276,1.0,622.8771822262763,442.2621268263198,1.0,595.9516339708837,403.1908766992443,1.0,573.31677393213,378.9152445592057,1.0,551.6252114635552,348.8934864994226,1.0,625.4229182004589,459.8577593104079,1.0,603.6634204535076,423.9871924522595,1.0,579.817723752448,399.74187002845485,1.0,564.2750472725826,368.3802754116453,1.0,623.9332601677476,478.3942812126819,1.0,601.3408203789415,459.3941026293396,1.0,576.942614095961,449.45544893820136,1.0,552.4472902800544,435.7470777836521,1.0,0.7310917270946928,67.984473143814,48.53513838703972,69.81273302564749,84.57769585464389,-81.43533602378389,85.40888407739746,0,thumb_chain_height_break,0,thumb_chain_height_break,1,OK,1,OK,1,OK,1,OK,1,OK
64,/data2/hrd/Dyn-HaMR/test/images/rgb/000065.jpg,2.1333333333333333,1,0.1289062798023224,0.20299728214740753,0.7599676847457886,3.1197577636626947,0.08691581055111575,1.1249875730550183,135.3301611962908,688.4307937849226,581.163774706889,1.0,654.695677893862,564.7118083790992,1.0,609.3319411250341,539.9215368285659,1.0,566.8334125744186,517.0235295028542,1.0,525.916296737545,485.37096010350797,1.0,620.8658131863413,454.6768296298542,1.0,588.0742686864942,410.3493715278619,1.0,565.0993032667793,383.0719712632963,1.0,540.856254211456,350.86798541487224,1.0,618.0345808984202,442.41224159603007,1.0,590.9108207074605,402.21815850200255,1.0,567.4978610908038,377.46752909040515,1.0,544.147472835195,347.66834189110523,1.0,620.0289157686711,461.77065420088184,1.0,595.5333766182666,426.5548082069545,1.0,568.1701324931782,404.1386668846271,1.0,548.2561585250041,373.89506929332856,1.0,618.1681221890394,481.5792846618133,1.0,592.6271904644236,466.00378859550983,1.0,565.8861472202789,461.35666170129116,1.0,538.434733050799,453.79342985638505,1.0,0.7358256195409176,-34.52317556951455,-22.396890372673663,38.725314948038786,-34.56140829502619,-12.023321805432195,35.79287025887381,1,OK,1,OK,1,OK,1,OK,1,OK,1,OK,1,OK
65,/data2/hrd/Dyn-HaMR/test/images/rgb/000066.jpg,2.1666666666666665,1,0.13261781632900238,0.19909393787384033,0.7799091935157776,3.1208083275567824,0.11156088968961898,1.083488952152965,136.84015164063678,685.5005968295111,566.5130259030035,1.0,650.3756854011601,549.9272450359773,1.0,603.3467676569919,527.5073347337069,1.0,562.1926834090903,507.74680297872203,1.0,523.2652160602279,480.808632776813,1.0,613.3933418159801,444.6638281733576,1.0,581.5186442039472,402.3037999079984,1.0,559.4744482082067,376.1176023131012,1.0,536.9021011974078,344.64967249586846,1.0,611.2454027022379,434.08921430800365,1.0,584.7690544473695,395.9196614860531,1.0,561.711323512759,373.15626292620846,1.0,538.3699267407676,345.35131884191014,1.0,614.8912730868326,453.8863513451046,1.0,591.451482704598,419.2003802886866,1.0,567.1303762866985,395.981930242139,1.0,550.840333066679,365.5812284398744,1.0,614.409485415919,474.0046772527834,1.0,589.0981594107789,458.8558173980673,1.0,563.5215465976341,452.0317608337151,1.0,536.4311912230162,441.60838274340006,1.0,0.745239727637007,-37.08133628944957,-22.79139664218301,40.851026551912135,-36.94395779673576,-11.580626965163761,37.93430610334969,1,OK,1,OK,1,OK,1,OK,1,OK,1,OK,1,OK
66,/data2/hrd/Dyn-HaMR/test/images/rgb/000067.jpg,2.2,1,0.1278972327709198,0.19178816676139832,0.755675196647644,3.0061888085209407,0.2111682339825892,1.044303473422312,152.45145740191361,688.1604977226841,564.8267650852504,1.0,653.4826248311705,542.4540364582402,1.0,605.2630663094182,527.6225831632449,1.0,558.5108605296214,515.9418202406887,1.0,507.0175418763114,487.2108877193459,1.0,610.8511942711655,439.1553092544733,1.0,579.4091711727536,396.1922619304223,1.0,557.247219033163,369.78110525007287,1.0,535.2550813120615,337.3973762105974,1.0,606.5976439975518,434.03610516428796,1.0,582.3344471057293,396.1061454352563,1.0,560.078937265158,373.5010182442538,1.0,537.746223599217,346.22427308420936,1.0,609.7047513510104,457.96566317110046,1.0,569.1406327255767,446.80806480182343,1.0,537.2078355536642,463.52767853025705,1.0,502.3658308908283,475.3091754130364,1.0,609.3357463898199,481.0765036017231,1.0,583.0541228360623,466.6692660361441,1.0,556.2997149979935,467.38060079435184,1.0,531.9975795424605,465.5017469899285,1.0,0.8425691647258733,-39.28835317517559,-23.53538489129953,42.826251384553636,-38.85630950116442,-10.82397479682359,39.62530870198051,1,OK,1,OK,0,thumb_chain_height_break,1,OK,1,OK,1,OK,1,OK
67,/data2/hrd/Dyn-HaMR/test/images/rgb/000068.jpg,2.2333333333333334,1,0.12170802056789398,0.19069363176822662,0.7461782693862915,3.035053188624569,0.163047867513877,1.0750007342310812,142.12779535577403,683.0536096557189,567.315482824643,1.0,648.4512237002964,545.6328997982528,1.0,599.5110205881277,524.9155959975142,1.0,556.1025409732196,507.40803106759756,1.0,525.8172795621275,478.2303278940065,1.0,608.3363125994032,438.4047604295065,1.0,576.0574935120974,394.33441101359097,1.0,553.1317916872915,367.5664212051953,1.0,528.2240951890116,336.12291270665264,1.0,604.1689942596671,430.96141920198295,1.0,568.0081585828269,401.6718204316235,1.0,536.3267475310194,390.3692021739206,1.0,499.1671734425654,380.31344686717546,1.0,606.6099775570741,454.2193219029208,1.0,564.0458802929313,448.5012025584505,1.0,536.2023209933419,473.5719750677793,1.0,508.84491699411655,495.6756142359676,1.0,605.3995651038222,477.1754320552148,1.0,579.5957188798739,460.7943600076427,1.0,552.6899573825045,464.8277006357621,1.0,537.8840737636265,464.12629362901316,1.0,0.7782057968557228,-39.22448819470685,-21.9453561822356,42.31209319399849,-39.31443255757479,-12.437689499181403,40.300999526103176,1,OK,1,OK,1,OK,1,OK,1,OK,1,OK,1,OK
68,/data2/hrd/Dyn-HaMR/test/images/rgb/000069.jpg,2.2666666666666666,1,0.10663734376430511,0.19010482728481293,0.7148833870887756,2.9622409469150512,0.13755577544275624,1.1077518022706512,136.691472870252,673.2583831252414,580.3611759105697,1.0,641.8068913706811,557.1058263481827,1.0,596.6092238611891,526.9606779658934,1.0,552.1846645690239,502.2123231276637,1.0,523.0342521908024,468.8927239133627,1.0,602.4995121220418,442.7154675157217,1.0,570.0851984940819,394.32938311764156,1.0,545.8114232986425,365.2081979747745,1.0,518.1475845689711,332.2886272142059,1.0,595.4543711261358,434.8102252341632,1.0,544.6244661136866,446.42786281829467,1.0,528.5451010581455,481.5356681845733,1.0,551.4268290077707,512.8378922728589,1.0,594.8425998575403,459.28350674838293,1.0,549.9002722744281,461.1459794600378,1.0,536.2090277624811,497.90612879331456,1.0,550.0054052084961,529.3529813041678,1.0,591.292848707264,483.3146731698653,1.0,563.3804813353636,469.6480797746917,1.0,545.2690716975765,488.381983759813,1.0,559.2325238717895,495.61726125952555,1.0,0.7443127826876287,-43.04779220750439,-22.588462784351965,45.63829725622808,-42.879319107599976,-11.729313851661571,43.5767384920667,1,OK,1,OK,1,OK,1,OK,1,OK,1,OK,0,index_chain_height_break
69,/data2/hrd/Dyn-HaMR/test/images/rgb/000070.jpg,2.3,1,0.09888629615306854,0.19031694531440735,0.7158874869346619,2.906644562941164,0.07536383263592512,1.1454234739241855,134.28120853547054,659.53627344704,580.2528413058026,1.0,632.939769562101,558.0712253692327,1.0,593.4795562285872,525.1187643037993,1.0,548.1042123298648,499.12092582398327,1.0,512.524507080554,461.64367989232414,1.0,597.2105133385339,441.2549141839845,1.0,563.7811078166051,392.0496825113987,1.0,539.2039175125065,361.62610399816185,1.0,510.72107357761706,327.37458220656845,1.0,587.4675603086071,431.7810952796135,1.0,536.7548027690027,448.0931159152824,1.0,527.3568965101294,486.53980914026033,1.0,562.8173290991908,506.96383793331916,1.0,583.4863884888473,455.5987115142052,1.0,538.6406317772635,461.55561158261844,1.0,532.0296249251551,501.1467772348551,1.0,562.1551350505542,523.9040169994696,1.0,577.4839779229223,479.12423903198214,1.0,549.6143042785588,470.65864376624813,1.0,540.823403492288,495.4734944309457,1.0,565.9938253060973,500.82599286269397,1.0,0.7292858736944335,-47.624766994862135,-22.88670647951459,49.58979957604548,-47.34534949721772,-11.346176206393404,47.82474346068592,1,OK,1,OK,1,OK,1,OK,1,OK,1,OK,0,index_chain_height_break
70,/data2/hrd/Dyn-HaMR/test/images/rgb/000071.jpg,2.3333333333333335,1,0.09723742306232452,0.188365638256073,0.717973530292511,2.9379500120905035,0.060065955729528143,1.1455903656494397,139.1605864106405,655.5231539842098,576.0813301537395,1.0,627.5962958320755,554.4643377926199,1.0,587.0797327425814,523.782509266685,1.0,541.4409300756548,499.17449059320404,1.0,504.853327844442,462.3652508467263,1.0,592.65046767,438.4123851591345,1.0,559.9967346964885,388.75436548117557,1.0,535.53257547325,358.1181377351768,1.0,507.5599911300309,323.2309891280117,1.0,583.9298831789681,428.0805130845134,1.0,533.2329890587368,444.61643223854537,1.0,527.710534851032,483.78732727113186,1.0,564.761788530335,501.50681381946686,1.0,580.716610303353,451.2519296849987,1.0,535.7088929366116,458.4006687202751,1.0,532.0217611101032,498.22870273683895,1.0,564.3549007406834,519.3453367713446,1.0,575.1528032164155,474.41785134776853,1.0,546.6092077642086,468.3751949109204,1.0,542.5233948606792,494.64945054514465,1.0,569.6685466720686,498.3182167128434,1.0,0.7597065898853973,-48.703663100726864,-21.653668940978925,50.327055628759986,-48.834511405810396,-12.56547317978966,49.363033621604444,1,OK,1,OK,1,OK,1,OK,1,OK,1,OK,0,index_chain_height_break
71,/data2/hrd/Dyn-HaMR/test/images/rgb/000072.jpg,2.3666666666666667,1,0.09042639285326004,0.1841532289981842,0.6984832882881165,3.0117619160095312,0.018192328639323782,1.1802490118252096,149.46800312641724,652.0389963105117,578.2379385151798,1.0,621.9264926302136,556.9201804455819,1.0,577.1772274329238,528.0557612167928,1.0,530.5386901088514,504.61233173585424,1.0,499.2787086104422,467.28760837769676,1.0,591.3609960603504,437.67390253947997,1.0,558.8500358932254,385.9259490210725,1.0,533.1604975618579,354.67023111447907,1.0,505.1175075856714,317.9336918400795,1.0,584.332184638603,423.92312639448573,1.0,531.2373114281313,440.2552176481149,1.0,525.6989700452139,480.9137211809963,1.0,560.3719607180847,506.813946904178,1.0,581.3776144444679,445.47686288580314,1.0,535.3618991579949,454.58978708396955,1.0,531.7365112884464,496.07323831419126,1.0,561.288245073689,524.6218219680328,1.0,575.4857608402519,467.92608242989206,1.0,545.9308313241272,464.0662613962104,1.0,542.5977845186032,492.1638245624466,1.0,571.3310782766657,497.20853780650816,1.0,0.8239686754615669,-56.61776532183737,-22.150397301248233,57.52590935757871,-56.65959026312207,-11.80960412613127,56.90569310794632,1,OK,1,OK,0,thumb_chain_height_break,1,OK,1,OK,1,OK,0,index_chain_height_break
72,/data2/hrd/Dyn-HaMR/test/images/rgb/000073.jpg,2.4,1,0.0800560861825943,0.17927208542823792,0.6718940734863281,3.0724271081055043,0.07808354888108877,1.2312327412248136,170.9688431922006,645.9640807843971,582.5191271829462,1.0,611.5049842593617,555.7144056182588,1.0,559.7227395930968,528.3236471351192,1.0,509.9525800441213,509.61305503415497,1.0,459.3426745067627,475.6798895754546,1.0,586.7498042075022,431.2804256633681,1.0,555.2787850650111,377.6674636684729,1.0,529.5031971963535,346.2391229211926,1.0,501.52112754674135,309.99548040659647,1.0,583.5918265362379,418.8303943147548,1.0,528.7206481636595,434.04129644449495,1.0,520.3695443107345,474.97887712834927,1.0,552.4494454557935,504.72340022163553,1.0,582.3359350075516,442.57554979526685,1.0,534.1222347253133,448.8938251264808,1.0,526.9805918453922,490.4063352969242,1.0,553.0835508549007,521.2906208763161,1.0,576.9574819084955,466.47451793346045,1.0,545.9943167137972,458.12545541136205,1.0,539.3433563011677,484.86495807624306,1.0,566.8036626015491,489.9513323762949,1.0,0.9580166976155626,-50.23921490628448,-14.66724127222279,50.89037050527376,-52.591451584115184,-19.69048346127018,53.58511375130851,1,OK,1,OK,0,thumb_chain_height_break,1,OK,1,OK,1,OK,0,index_chain_height_break
73,/data2/hrd/Dyn-HaMR/test/images/rgb/000074.jpg,2.433333333333333,1,0.06000367924571037,0.17728175222873688,0.6379891633987427,-3.124017110163725,0.14902598481026766,1.373366585161434,172.16384877951506,624.5182249522477,596.7162307799445,1.0,587.4193138663977,559.5942323513154,1.0,535.9018617131769,522.6701911448035,1.0,488.34445030259667,497.3347378106846,1.0,430.77035373359104,463.05100111168576,1.0,580.7888495439547,428.1247895943088,1.0,550.8136385258549,372.2396305735092,1.0,524.4465536951466,340.55949403924023,1.0,497.1607779699698,304.2029529767169,1.0,583.4368859098904,417.79679904867953,1.0,526.16931389612,432.6604411530716,1.0,509.19619680237724,472.46631443050865,1.0,526.6719202073764,514.7196760365623,1.0,582.3497176174569,444.5419129048387,1.0,531.7597485572915,447.36015162403055,1.0,516.3554598040755,488.05901057983283,1.0,532.9732106351585,525.2613716314372,1.0,575.6866144350934,470.0546172330505,1.0,544.6803435232359,457.55886522625224,1.0,529.125202356412,482.2302175378136,1.0,552.7911002134933,497.13184248126345,1.0,0.965467017461316,-79.37128870958472,-80.03736962204422,82.69216234467623,-53.60680077013161,46.691807711861955,59.85879229900634,0,thumb_chain_height_break,1,OK,1,OK,1,OK,1,OK,1,OK,0,index_chain_height_break
74,/data2/hrd/Dyn-HaMR/test/images/rgb/000075.jpg,2.466666666666667,1,0.059601813554763794,0.1756952404975891,0.6455258727073669,-3.0828715858774363,0.12206960264175548,1.3801177746009463,175.35160967987431,620.0341491277595,589.4757680575567,1.0,581.7870434226134,554.1951924825298,1.0,529.9887571034174,519.2971176994579,1.0,482.67439158244997,495.03125103410275,1.0,426.99910927552264,459.24110927885886,1.0,576.7668115872075,423.87435546348934,1.0,547.9662198224796,367.38852468721166,1.0,522.1230390426354,335.34479285926136,1.0,496.230678123135,298.13500482523705,1.0,581.2785368380664,412.2296142796213,1.0,524.8013790179102,427.5519934927488,1.0,509.2135472899142,467.6094515126006,1.0,532.0404223982755,506.8372130104108,1.0,581.5693097573567,437.52045763777824,1.0,531.1121735452066,439.7189332239632,1.0,515.5965766477344,480.08650178408425,1.0,536.3406887769866,514.3747395241844,1.0,575.8258045400235,461.9126148620617,1.0,545.2289928178398,449.313942875071,1.0,530.2497884967429,474.0594553879091,1.0,556.0230343067433,486.6154389143412,1.0,0.9853412662109279,-5.613718206826463,-20.292996561749995,20.93751770814284,-7.058039486061235,-14.56314593128578,16.05522898725266,1,OK,1,OK,0,thumb_chain_height_break,1,OK,1,OK,1,OK,0,index_chain_height_break
75,/data2/hrd/Dyn-HaMR/test/images/rgb/000076.jpg,2.5,1,0.05821764096617699,0.17424769699573517,0.6470086574554443,-3.1286787503550175,0.1583631767299593,1.3829960926434093,176.68597011312937,616.6320652445205,585.8884336587507,1.0,580.3938000126789,548.2323462857008,1.0,528.4924757801546,514.0046038221881,1.0,481.0415529160646,490.3105845240631,1.0,423.48208538038006,457.45717636592724,1.0,575.1460546143784,419.2897788672981,1.0,545.9101189417304,363.73438613808213,1.0,519.7027450643175,332.39467674556874,1.0,494.34956591830513,295.6062195042996,1.0,578.0015470220187,409.88931441455406,1.0,521.8610605338574,425.10022191272947,1.0,507.7284683790907,464.9581719377044,1.0,535.9297990937382,499.4259646173814,1.0,576.8736459843731,436.70956839590383,1.0,526.9383939513622,437.45285760632703,1.0,512.6021566729472,477.23636727061967,1.0,539.2941123687278,506.06201713745395,1.0,570.2532609545106,462.1286469443936,1.0,540.6631582367527,447.8752730129836,1.0,527.6866930000374,472.0339296691345,1.0,556.4313529545686,479.90599945980046,1.0,0.9936604005503828,-10.632888377735622,-5.158578333114013,11.767412511572163,-14.058338736089663,-29.73284071611503,31.948994228659995,1,OK,1,OK,0,thumb_chain_height_break,1,OK,1,OK,1,OK,0,index_chain_height_break
76,/data2/hrd/Dyn-HaMR/test/images/rgb/000077.jpg,2.533333333333333,1,0.05682753026485443,0.17278222739696503,0.6495825052261353,3.1346717799737367,0.21783332348220047,1.3876492189266079,176.93308419516262,612.887819920977,581.7568459014097,1.0,577.147733355562,540.5567552447319,1.0,525.1517699584365,507.46354796489084,1.0,477.34059657653177,485.1821788748106,1.0,420.25645678738755,454.4979154715935,1.0,572.2679391652346,414.2448942040404,1.0,544.451547327141,359.9459473743724,1.0,519.3162510835876,329.5207440455755,1.0,495.4308041036129,294.328836719195,1.0,574.8704370955627,407.98217818140984,1.0,519.3366002974411,422.40009958545363,1.0,502.90011369685334,460.42495135466254,1.0,526.9885099368792,496.5984228849411,1.0,573.4443343927463,436.8751653929552,1.0,523.8991323113441,435.54469576478004,1.0,506.6784431921939,473.0201977392038,1.0,529.1913645043969,503.09943678975105,1.0,566.6242442826431,463.6325667500496,1.0,537.4264719548326,447.0235778093338,1.0,521.7648749711614,468.60184859732783,1.0,547.9465374847254,477.94472578167915,1.0,0.9952010451875974,-10.118684336565822,-5.751169694905894,11.580811508412019,-13.401194453290719,-29.14147602122465,31.229067036896144,1,OK,1,OK,0,thumb_chain_height_break,1,OK,1,OK,1,OK,0,index_chain_height_break
77,/data2/hrd/Dyn-HaMR/test/images/rgb/000078.jpg,2.566666666666667,1,0.05390668660402298,0.17066405713558197,0.6466304659843445,3.112551244276706,0.24683624729261486,1.3964720323913071,172.7752551279818,608.9050176901237,579.3139815914474,1.0,574.1118013807736,535.599143718704,1.0,522.1340238207181,502.06422164686956,1.0,474.3288343733411,479.26963053216605,1.0,420.302254623668,448.3567755316999,1.0,570.020605663587,409.8525482576397,1.0,541.9641141897491,356.1240364158433,1.0,516.8502891602159,326.2077109908096,1.0,493.2241835240591,291.72446382691305,1.0,571.9735047324939,405.239600818496,1.0,516.1445373837792,419.2277455208023,1.0,498.74688300393996,456.6556006568753,1.0,523.6677779739862,491.540741532237,1.0,569.6889105057598,435.45550103113055,1.0,520.1472644034059,433.3663044886798,1.0,502.41633231161995,470.2558251913106,1.0,526.5190050210799,497.47531948044707,1.0,562.158920185806,463.1341679409634,1.0,533.0466928750589,446.3430504495009,1.0,517.3614686361989,467.32631969680915,1.0,546.7210774644464,474.9762567048565,1.0,0.9692788597657845,-7.070170695844649,-6.773283827747842,9.744034347089759,-9.854632064355014,-28.168524851472817,29.377753632507932,1,OK,1,OK,0,thumb_chain_height_break,1,OK,1,OK,1,OK,1,OK
78,/data2/hrd/Dyn-HaMR/test/images/rgb/000079.jpg,2.6,1,0.05386858433485031,0.1688780039548874,0.651438295841217,3.094440266461245,0.26736234180643104,1.389374822947015,174.61659308690767,605.9003986829964,573.4005259210498,1.0,571.7803430576641,529.0085116954215,1.0,520.1037730458579,496.57302473300535,1.0,472.52961074821576,474.3771758182569,1.0,413.70831312527423,446.38436513330635,1.0,566.7813460869214,406.0116341360675,1.0,540.0050441358853,353.0897320681896,1.0,514.9020039849324,324.2660508487685,1.0,492.4823753086102,290.54598183697397,1.0,568.2131692663534,402.61173760373276,1.0,513.148902888253,416.54779038416507,1.0,498.15211230292306,453.7839764811282,1.0,523.321422827255,487.73715378173677,1.0,565.7284966910036,433.3152652653074,1.0,516.8018157322821,431.5271662856927,1.0,501.67605675325257,468.37284389670333,1.0,526.1183525910222,496.3179131567134,1.0,558.242433539396,461.26151069354455,1.0,528.5893547900475,446.48234476135383,1.0,514.0908941298992,468.269162260116,1.0,541.4919580721335,479.10973285557213,1.0,0.9807587698881751,-7.66735579946895,-6.5277948814011095,10.019877497729958,-10.569876683923182,-28.427898726326656,29.794869463008414,1,OK,1,OK,0,thumb_chain_height_break,1,OK,1,OK,1,OK,0,index_chain_height_break
79,/data2/hrd/Dyn-HaMR/test/images/rgb/000080.jpg,2.6333333333333333,1,0.052926722913980484,0.16621798276901245,0.6519762277603149,3.1163754769111365,0.24353399615925167,1.3890927146065808,177.70281998272876,602.2903368426996,568.0009307125729,1.0,567.5597911839117,525.1103594573457,1.0,516.075180626954,493.47708504626644,1.0,469.11476362795173,470.5685017639529,1.0,408.27624008957844,443.3390063405823,1.0,562.9422741401917,402.62125729874845,1.0,537.3673075561019,349.3784665550571,1.0,512.5941675723674,320.6137856187621,1.0,491.465529616579,286.3108740272704,1.0,565.1886929807346,398.1379215048995,1.0,510.074449252253,411.44912832235184,1.0,494.4223057911189,448.4181459163616,1.0,507.59370332454864,489.65606975512253,1.0,563.3778305419886,427.9421791511195,1.0,514.5919788527208,426.1156545694661,1.0,499.158614853414,463.38035039520037,1.0,514.9761058949605,497.98883523877885,1.0,556.5032449621674,455.17068472144217,1.0,526.0284548940733,442.60134819260077,1.0,510.0352956500428,465.0604960697432,1.0,531.1583753352588,482.8487310004517,1.0,1.0,-6.873438052863981,-6.452985221353398,9.385971023485201,-9.708045009652723,-28.534944474376545,29.68416025720961,1,OK,1,OK,0,thumb_chain_height_break,1,OK,1,OK,1,OK,0,index_chain_height_break
80,/data2/hrd/Dyn-HaMR/test/images/rgb/000081.jpg,2.6666666666666665,1,0.048614345490932465,0.16500520706176758,0.6441326141357422,3.13613671012704,0.2552052067257529,1.41532886633882,175.02626452510628,598.1204625620381,569.6798801234012,1.0,562.8937032951046,524.7523014342647,1.0,511.27271325281515,491.6444710020745,1.0,464.1047002813717,467.8845624618898,1.0,407.3352088667137,437.5778852513067,1.0,561.6535221572449,400.67605746149945,1.0,536.2180340673231,347.0578347860235,1.0,511.883155105917,317.8197125439541,1.0,490.67682577475466,283.66762514898016,1.0,564.9982740371499,396.72104787437945,1.0,508.98216926223574,408.48367037665196,1.0,492.6268029609165,445.4321002920715,1.0,510.3928800643876,484.1575115842048,1.0,563.2200697202873,427.2666037111436,1.0,513.7136489249483,422.8308341482989,1.0,496.69916854557823,459.4939313334993,1.0,514.077836624502,492.6763787363816,1.0,556.0036937400643,454.98654047467846,1.0,525.6778565464297,439.9380892520039,1.0,508.460134615949,461.1276172534132,1.0,530.7202872446684,477.6513149224314,1.0,0.9833128861857472,-5.267376073583603,-6.915526633393759,8.662375983717663,-7.837944987227734,-28.085261872474845,28.858701173623714,1,OK,1,OK,0,thumb_chain_height_break,1,OK,1,OK,1,OK,1,OK
81,/data2/hrd/Dyn-HaMR/test/images/rgb/000082.jpg,2.7,1,0.04876109957695007,0.16364814341068268,0.6520224213600159,-3.123408680532122,0.24123853855423755,1.4165465136162907,174.4564718394868,596.0810924462396,563.2446183464102,1.0,559.9579284836072,519.2557206308265,1.0,508.3788999808747,486.9092915040043,1.0,461.172283604672,464.4813308282028,1.0,407.4560510229712,433.08213188051013,1.0,559.293243758367,395.4762944037126,1.0,532.8846887654387,342.2850512346031,1.0,509.2679146018354,312.3885792132205,1.0,487.68625090664466,278.1686863914001,1.0,563.6397129264708,390.9207148121095,1.0,508.30333508591184,404.7987134150329,1.0,490.39465970606335,441.54679278843105,1.0,511.88934800997504,478.42726482789055,1.0,562.7156039460726,420.92755076680385,1.0,513.395363880619,418.13505139684514,1.0,495.8142959559523,454.8016061624852,1.0,517.8709429877363,485.0554886439446,1.0,556.0077171553481,448.30760467096604,1.0,525.9633785310458,433.9644891203594,1.0,508.93381896454196,455.4899485494267,1.0,534.4524254113227,468.82755485759844,1.0,0.979760486265027,-5.083580119046456,-6.898867381231775,8.540663906008287,-7.635447606315187,-28.105999713984023,28.839491884071467,1,OK,1,OK,0,thumb_chain_height_break,1,OK,1,OK,1,OK,1,OK
82,/data2/hrd/Dyn-HaMR/test/images/rgb/000083.jpg,2.7333333333333334,1,0.04722625017166138,0.16178371012210846,0.6529744863510132,-3.100327320203334,0.2587233484313334,1.433340153302946,170.5522763774501,593.2517303327447,559.3055479340825,1.0,556.5789581750623,513.8263689068153,1.0,505.14366054364956,481.39980811504813,1.0,458.2845831489655,458.691095242218,1.0,409.42727328937934,426.70429917912827,1.0,558.156517448251,390.81333416678024,1.0,531.7516930464124,337.9415623281718,1.0,508.3140567065017,308.229686575089,1.0,486.58355087374247,274.6023997601702,1.0,563.6536732476616,387.1770241948092,1.0,508.40813341189545,400.9299176246841,1.0,490.1742567419892,437.40072389146064,1.0,517.0072537029066,469.8473892368662,1.0,563.2472060144828,417.77065061105293,1.0,513.9803258587098,413.5440603440662,1.0,495.3534407975755,449.68151921667175,1.0,521.5831847620959,475.51263328603216,1.0,556.7321989935057,445.50618947351484,1.0,527.5971357406227,429.0931169423469,1.0,510.1451441059761,449.84333687978267,1.0,537.7948948254589,460.0696573945339,1.0,0.9554195917610263,-7.194430396694112,-6.407044382629875,9.589509278088117,-10.059606112853889,-28.60780181059388,29.83514714744658,1,OK,1,OK,0,thumb_chain_height_break,1,OK,1,OK,1,OK,0,index_chain_height_break
83,/data2/hrd/Dyn-HaMR/test/images/rgb/000084.jpg,2.7666666666666666,1,0.049456946551799774,0.16189545392990112,0.6696911454200745,-3.0798639109372687,0.21912254987675994,1.4255532606808334,172.37845383154448,590.4207703142444,551.618493831816,1.0,553.5952407993293,509.34326637400954,1.0,503.3485620193929,477.95709456962504,1.0,457.10483041190673,455.6472882271579,1.0,404.91181726290233,424.09006395587494,1.0,554.5615635571969,388.10616320065674,1.0,528.7482628599773,335.08476656873484,1.0,505.4092204926167,305.13308987865094,1.0,483.81006243869825,270.8275497733981,1.0,560.7078825227969,382.687521908368,1.0,506.775626830683,397.5319069934734,1.0,489.441156676201,433.98040992058543,1.0,516.5324593987591,465.51287659797526,1.0,561.182008782147,411.36602692852955,1.0,512.7402870409753,409.3177548923753,1.0,495.73591154692406,445.9051210999023,1.0,524.0426338001791,469.3230149297184,1.0,555.443172631168,437.75612635225116,1.0,526.5534820273735,422.90207336560945,1.0,511.31357047073345,445.33814127972073,1.0,538.8310356592447,454.9674790704157,1.0,0.9668049829864203,-8.053805790320105,-6.242882440031341,10.140319005388383,-11.01584429155147,-28.731396757372362,30.18802876370986,1,OK,1,OK,0,thumb_chain_height_break,1,OK,1,OK,1,OK,0,index_chain_height_break
84,/data2/hrd/Dyn-HaMR/test/images/rgb/000085.jpg,2.8,1,0.0508042573928833,0.1616068184375763,0.6793117523193359,-3.0886228629514907,0.21353937901073733,1.4118677052316566,171.90082576455754,589.0184578351873,546.7069809802948,1.0,552.4741454980758,505.6194635332455,1.0,502.79597932557056,474.91261356935627,1.0,457.32153558301377,451.9642945799509,1.0,400.85318834938033,420.24038857466314,1.0,551.8546784907965,386.0156042064391,1.0,527.358080779718,333.1304824413761,1.0,504.3145563557907,303.4672640098348,1.0,483.1622260679869,269.3261208317696,1.0,557.635754666994,380.5253442644025,1.0,504.6891682732253,395.6574691175641,1.0,488.0381982004971,431.7158214671605,1.0,514.1229521374355,463.4177479844633,1.0,558.2532455891803,408.75523220208686,1.0,510.23407285353795,406.0950721066014,1.0,493.2208380512002,442.153888158476,1.0,520.3489925610827,467.05318811302516,1.0,552.7841233371468,434.78379701546874,1.0,524.1766586855869,419.08266666371367,1.0,508.0092489410842,440.8707811515111,1.0,533.8833937619565,451.7068042718274,1.0,0.9638271878161411,-8.790680412320325,-7.010333433846797,11.176159292619738,-11.79162689416307,-28.048946269019332,29.780041369348776,1,OK,1,OK,0,thumb_chain_height_break,1,OK,1,OK,1,OK,1,OK
85,/data2/hrd/Dyn-HaMR/test/images/rgb/000086.jpg,2.8333333333333335,1,0.0507020428776741,0.15942472219467163,0.6802815198898315,-3.0692054333070953,0.240744765551665,1.4019282858362796,170.442320518004,588.1188916585355,542.292471277935,1.0,550.1099530517774,500.57929626861005,1.0,500.6582317146483,470.2170684945644,1.0,455.78502361710105,446.96958937704767,1.0,399.2980913554372,416.49659149618185,1.0,548.5457223442912,382.5092849200179,1.0,525.4091468872297,330.27669467890337,1.0,502.8581197464408,301.46073464842993,1.0,482.9855206828167,268.0142733699589,1.0,555.3195915903707,378.0456156243199,1.0,502.5528982541596,391.761508971677,1.0,487.0721852121742,427.6454251573838,1.0,512.6724733039891,458.8289644722803,1.0,557.1983772039712,406.9141470579731,1.0,509.3137058644925,402.5743902686954,1.0,492.19363097619123,438.049953581792,1.0,517.7950357749208,463.5928081961998,1.0,552.7067157882788,433.43205871407554,1.0,524.2994984626475,416.2356926653374,1.0,507.0334959242946,437.010054445503,1.0,531.3225805965048,449.2138246603887,1.0,0.9547340666635,-9.270914322841532,-6.764358179879258,11.407868071907686,-12.333785655878627,-28.24154084218333,30.110657076930195,1,OK,1,OK,0,thumb_chain_height_break,1,OK,1,OK,1,OK,1,OK
86,/data2/hrd/Dyn-HaMR/test/images/rgb/000087.jpg,2.8666666666666667,1,0.050335563719272614,0.15740980207920074,0.6792177557945251,-3.0567144149168803,0.2351828772057895,1.3988616498515865,171.6762501650988,587.1927785522766,539.0416595155657,1.0,548.6001045466525,497.80280816116283,1.0,499.3459761155418,467.3532349107227,1.0,454.79169719826166,443.1460294990744,1.0,396.18096110278987,413.0072809569301,1.0,546.8596072139038,379.95951986049715,1.0,524.9048227983975,327.25956635323803,1.0,502.3921948387598,298.6000816418915,1.0,482.9422859007931,264.86813221479315,1.0,554.1032209652349,375.23305753923717,1.0,501.33616826376056,388.15907160672543,1.0,486.68819762405064,424.2106972725056,1.0,510.0570163117277,457.2023625067377,1.0,556.4879292674217,403.8873367140171,1.0,508.5867774644448,398.9154278174004,1.0,491.861990473578,434.6057823603047,1.0,514.5185633871093,462.7893146987062,1.0,552.4478675845709,430.20665642667643,1.0,523.2920758195311,413.7194592384767,1.0,505.9171294510994,435.0397063217637,1.0,527.8950928181939,449.9001887338842,1.0,0.9624270604332394,-8.615470119967807,-7.144073756961453,11.124445723778162,-11.603349433954046,-27.944060164877115,29.631707490153822,1,OK,1,OK,0,thumb_chain_height_break,1,OK,1,OK,1,OK,1,OK
87,/data2/hrd/Dyn-HaMR/test/images/rgb/000088.jpg,2.9,1,0.050290413200855255,0.15544374287128448,0.6829026937484741,-3.038842131941022,0.2560921944709678,1.4049026148716794,169.72943435610685,585.6384303374476,533.8786255768258,1.0,546.5377264025346,491.79446610976936,1.0,497.6918466044489,461.68871555995065,1.0,453.758319372923,437.73110049745935,1.0,396.60936244835773,408.3808177104438,1.0,545.691450744971,375.5407055220106,1.0,525.2107862276789,323.8762424943319,1.0,503.74174785950913,295.9690801188899,1.0,485.06546989399135,263.5236537784846,1.0,553.8073007970703,371.80074401876163,1.0,501.30691135449297,383.1073959267345,1.0,484.76508615487944,418.04348217262304,1.0,505.3249099784924,451.933058073495,1.0,556.8222178457272,400.9355704988684,1.0,509.42341844024963,394.7260448305627,1.0,490.9343436549201,429.23872327727315,1.0,509.978376109558,458.03586027683434,1.0,553.2261578112075,427.5162324263898,1.0,523.9139136718355,411.2908739086803,1.0,505.7193349155333,431.41046661010057,1.0,525.4342800424921,446.6201928733499,1.0,0.950289543578314,-8.312460293752988,-7.264481923929512,10.973365460354929,-11.233962781862829,-27.7826483324105,29.381665784860235,1,OK,1,OK,0,thumb_chain_height_break,1,OK,1,OK,1,OK,1,OK
88,/data2/hrd/Dyn-HaMR/test/images/rgb/000089.jpg,2.933333333333333,1,0.050409138202667236,0.1549280285835266,0.691852331161499,-3.058095372199838,0.26744532037596785,1.413968278735596,167.50187757221542,582.4422846397769,529.1885353288768,1.0,544.8979719102342,486.5147270704425,1.0,496.9367289928045,456.6087618284122,1.0,453.833263575399,432.8029563252421,1.0,397.2808394987539,403.80836830789247,1.0,545.036084416662,372.37097601878975,1.0,525.2479548688425,321.5009847870375,1.0,504.4150054551941,294.06959514367065,1.0,486.6776262643298,262.1570587262031,1.0,552.4380347510245,369.5500453106397,1.0,500.5619503724521,379.8912620929199,1.0,484.05560655018417,413.935964246135,1.0,504.0194547813705,446.76457392285613,1.0,554.5367832015485,398.91238950510285,1.0,507.89599251854787,392.2886056683552,1.0,489.5588248550739,425.9880175316066,1.0,508.8537363167152,453.7801608101412,1.0,550.326281064093,425.4751499156773,1.0,521.9022810999171,408.8171349602586,1.0,503.54995600125466,428.2137285648108,1.0,522.328160179959,443.0483537887121,1.0,0.936401733604249,-8.782743464983216,-6.903980267682724,11.105635241124778,-11.837860526222597,-28.151932207658287,29.886021223336645,1,OK,1,OK,0,thumb_chain_height_break,1,OK,1,OK,1,OK,1,OK
89,/data2/hrd/Dyn-HaMR/test/images/rgb/000090.jpg,2.966666666666667,1,0.04991336911916733,0.15323927998542786,0.6923179626464844,-3.056328904785393,0.26953952497055506,1.4154569409261069,164.5512718951005,581.3279492045161,525.9662028416836,1.0,543.7465699269112,483.1414573182992,1.0,496.042411891417,452.8833652840136,1.0,453.39119021471805,428.3544715242339,1.0,397.983302742643,398.807274660634,1.0,544.1300998711911,369.29109833594214,1.0,524.9071494543259,318.5367428947951,1.0,504.19155804150205,291.3619603181627,1.0,486.4152655626152,260.038009208581,1.0,551.6446503581295,366.64584119168774,1.0,499.78644220128746,377.15721974324936,1.0,482.4720250038469,410.7781995271507,1.0,497.77442206010005,446.3399446399877,1.0,553.7903772021709,396.10998574207645,1.0,507.1492309777365,389.9319245288485,1.0,488.6094615475058,423.4244004489301,1.0,504.8704639582308,453.40595704839745,1.0,549.6219877744479,422.7206738598446,1.0,521.0236100775923,406.14658834015916,1.0,501.67283710092397,424.4015438149776,1.0,517.4710382658529,441.7306549578376,1.0,0.9180060405074457,-9.384186759265418,-6.393421889674132,11.291768247104221,-12.571255187516574,-28.679594656924596,30.571588803602864,1,OK,1,OK,0,thumb_chain_height_break,1,OK,1,OK,1,OK,1,OK
90,/data2/hrd/Dyn-HaMR/test/images/rgb/000091.jpg,3.0,1,0.04928009957075119,0.15193623304367065,0.6923461556434631,-3.0604972716006906,0.2786978948974981,1.422016364836117,163.87809939631362,579.9648358331809,523.6062410715094,1.0,542.8501940240483,480.1083274745615,1.0,495.42959584826156,449.63595043762086,1.0,453.0261809110174,424.82256577784335,1.0,396.77553029665677,395.44636088179686,1.0,543.9362485746982,366.9340079689215,1.0,525.0564335418476,316.36454490204596,1.0,504.32679147446623,289.3392792294071,1.0,486.5637393044323,258.35475287852023,1.0,551.3320446131754,364.8545706521139,1.0,499.4384690652607,374.9260614301844,1.0,482.1975217500161,408.17765351689013,1.0,498.8286636893269,442.61980767844943,1.0,553.1812643396224,394.6280308356096,1.0,506.8597381331505,387.29459712558435,1.0,487.7932503116908,420.29103318775253,1.0,505.5982789306539,449.51163005117996,1.0,548.8067872147901,421.3823613022081,1.0,521.4043390050938,403.0185993199606,1.0,501.3598557363713,420.58197797692503,1.0,516.5274673960103,436.4892482446061,1.0,0.913809114166207,-9.13995726064201,-6.414312454219908,11.104566652277045,-12.307156217057916,-28.681448189414006,30.496410271801683,1,OK,1,OK,0,thumb_chain_height_break,1,OK,1,OK,1,OK,1,OK
91,/data2/hrd/Dyn-HaMR/test/images/rgb/000092.jpg,3.033333333333333,1,0.04983574151992798,0.15078166127204895,0.6987365484237671,-3.078302173325511,0.288343736268398,1.4220597804507218,161.25388131752487,578.4799287657977,518.9831588120869,1.0,542.440451471722,475.2599654997175,1.0,495.55668860061644,444.95829888482933,1.0,453.3523874694001,420.527794448945,1.0,397.0631687309724,391.2359052113061,1.0,543.3932158850366,363.824992588794,1.0,524.6843982340761,313.88115069662615,1.0,504.0109826982445,287.2789576729143,1.0,486.13554559551267,256.8152002597708,1.0,550.0791599150047,362.3779533912833,1.0,498.70655311359195,372.57492683337534,1.0,482.20900194829363,405.3988025751678,1.0,501.09424338715877,437.5909100654826,1.0,551.3477281413992,392.267220819375,1.0,505.6214004037215,383.9080735348374,1.0,486.69368428416544,416.23960380102653,1.0,506.63667603974335,443.5857573487714,1.0,546.6329996691578,419.0372925671205,1.0,519.6035216426784,400.67980760572027,1.0,500.7249539376119,418.58909378701594,1.0,518.8336192274268,433.4871750353535,1.0,0.8974483002591168,-11.708668852883429,-6.370614730054779,13.246721762486816,-15.172757656441048,-28.71937879241073,31.43993564539098,1,OK,1,OK,0,thumb_chain_height_break,1,OK,1,OK,1,OK,1,OK
92,/data2/hrd/Dyn-HaMR/test/images/rgb/000093.jpg,3.066666666666667,1,0.05075836181640625,0.14859212934970856,0.7033271193504333,-3.0502794370413926,0.2930174976091826,1.4219309053930589,161.4359152747023,577.5534944630963,513.2462256273648,1.0,540.7434681060186,470.0905539896363,1.0,494.8018539273511,439.8356093580927,1.0,453.31106890853755,415.2028748492521,1.0,396.1019033379331,387.38040875961576,1.0,541.9306928863073,360.3646857291902,1.0,524.9471254919738,310.8040239306483,1.0,504.86225509819826,284.8746401033053,1.0,488.1347306967641,254.74740597026297,1.0,549.641288387463,358.9843096509161,1.0,499.20885220711284,369.4120295097388,1.0,484.16535512364254,402.09713368114774,1.0,501.57923491897856,434.1489633367904,1.0,551.9240241137941,388.5671194045681,1.0,506.5240546579995,380.8742382027316,1.0,488.81549262178714,413.4286333520686,1.0,507.00511365484954,440.98510810981315,1.0,548.1012732872241,415.04624693458993,1.0,520.4300151191052,397.92436814637404,1.0,502.75511861079264,417.02709892998246,1.0,520.435613082174,432.2683425645397,1.0,0.898583199725828,-10.937456408989853,-6.484864744774375,12.63668224638939,-14.30955484380402,-28.620230937842113,31.062643181122432,1,OK,1,OK,0,thumb_chain_height_break,1,OK,1,OK,1,OK,1,OK
93,/data2/hrd/Dyn-HaMR/test/images/rgb/000094.jpg,3.1,1,0.051230549812316895,0.1474458873271942,0.7101918458938599,-3.0626431685399527,0.28713614753340805,1.4246159036263455,159.68867375480247,576.2588596238008,508.66108010903315,1.0,540.3516220857686,465.701842465598,1.0,494.82571097885256,435.57784550001577,1.0,453.83643276706306,410.8939428941958,1.0,397.2150589191564,382.9101068346754,1.0,541.7737372873332,356.68959566169906,1.0,524.8464727893219,307.300965106886,1.0,504.8934514264687,281.2707407921698,1.0,487.697427383323,251.329661772795,1.0,548.9311653541542,355.3377206482752,1.0,498.7664277799937,365.03542006875125,1.0,482.86179767817583,397.0667163490167,1.0,501.12537491996625,428.4957128069,1.0,550.6428934180985,384.74562107052043,1.0,505.7170297695575,375.8554537043601,1.0,487.1948100088836,407.60012764080363,1.0,506.2052752388037,434.8702783415332,1.0,546.4154588454537,411.02253699695814,1.0,518.6033944179508,394.4841355647344,1.0,500.3487343628707,412.5538340999532,1.0,517.6749873000226,428.72743919238076,1.0,0.8876899383810936,-11.148092471449255,-6.250557677075998,12.705264767747614,-14.597542721124302,-28.815301282631516,31.326234151018664,1,OK,1,OK,0,thumb_chain_height_break,1,OK,1,OK,1,OK,1,OK
94,/data2/hrd/Dyn-HaMR/test/images/rgb/000095.jpg,3.1333333333333333,1,0.05066220462322235,0.14542928338050842,0.708604097366333,-3.0476164290276158,0.30674823365377457,1.432401442230877,157.22161342869052,576.400650269529,505.77882977732224,1.0,539.9184932090782,461.66051984044316,1.0,494.49497036479886,430.81896446065366,1.0,453.3836245817705,405.76541426948336,1.0,397.1129950655183,376.09729722279974,1.0,542.2578367283617,352.9659348694522,1.0,525.0583953364597,303.89350608145594,1.0,505.27197987735497,277.89521552374697,1.0,488.305912182831,248.02510040883257,1.0,550.1205110080616,352.4770202784466,1.0,499.7803472939063,362.3855494524656,1.0,483.555529401979,394.42052748158915,1.0,503.9970240874085,424.27762292186526,1.0,552.2701614413272,382.560195853565,1.0,507.297218331653,373.18848822278835,1.0,488.40189483412723,404.5602334859286,1.0,509.55613729573395,429.63964976760565,1.0,548.2171731829585,409.3421899704068,1.0,520.6199821160166,392.0827541199069,1.0,503.11180442501916,410.0289011044757,1.0,522.6853277195478,424.3533730998412,1.0,0.8723089320465465,-10.146647724524167,-6.284612803849897,11.867317328162432,-13.499475620075126,-28.83069603661205,30.98589979544313,1,OK,1,OK,0,thumb_chain_height_break,1,OK,1,OK,1,OK,1,OK
95,/data2/hrd/Dyn-HaMR/test/images/rgb/000096.jpg,3.1666666666666665,1,0.04994814097881317,0.14350733160972595,0.7113421559333801,-3.011280132210307,0.3271592324482105,1.439936490630234,154.36594268962634,574.6393870474798,501.4579603956312,1.0,536.8701589880584,456.75803058107033,1.0,492.25482729617386,425.47121571599075,1.0,451.9539495810559,399.9332954192296,1.0,397.2975731567391,369.4145463314843,1.0,540.3785674260074,349.1401962712064,1.0,524.1846033851826,300.8213286958959,1.0,505.4359144673093,275.1576565509373,1.0,489.677872440658,245.74270407678765,1.0,549.7555488524973,349.3479258079486,1.0,499.8053661330804,358.7687384683695,1.0,482.71330208396205,390.31991776724374,1.0,503.5897694744451,419.2501990929668,1.0,553.1085558075896,379.83957276692126,1.0,508.4115693951006,369.81872825230914,1.0,489.1651995641182,400.89406026738595,1.0,510.1885399095711,425.44066014040436,1.0,549.8262194923321,406.917733966396,1.0,522.8191311704637,388.5182368080481,1.0,503.77618856276115,405.11862950319664,1.0,522.4701754085498,420.3283340238637,1.0,0.854505115389923,-7.782823057768812,-6.818318983723092,10.292512524974802,-10.77092225986584,-28.31124283450211,29.739344803276893,1,OK,1,OK,0,thumb_chain_height_break,1,OK,1,OK,1,OK,1,OK
96,/data2/hrd/Dyn-HaMR/test/images/rgb/000097.jpg,3.2,1,0.04811105877161026,0.14358925819396973,0.7105973958969116,-3.024441166431482,0.33699533865529885,1.4630701161837976,150.4574866160553,573.087824980418,501.9889917373657,1.0,536.4668958584468,455.42411144574487,1.0,491.81484055519104,422.96657172838843,1.0,451.0570635795593,397.6958258946737,1.0,398.96907456715905,365.2054165999094,1.0,542.3605593442917,347.41031193733215,1.0,524.2832084298134,298.69394965966546,1.0,504.7003775338332,272.2004736264547,1.0,486.7005666395029,242.97350351015726,1.0,551.3386114041011,348.4639238218466,1.0,500.56600574652356,358.0410781701406,1.0,482.62016026179,389.28607761859894,1.0,511.1002415517966,412.4432734648386,1.0,553.6180641651154,379.6595764160156,1.0,508.8268953363101,368.75387370586395,1.0,487.6709785362085,398.37907918294275,1.0,515.4402922789257,418.45481181144714,1.0,549.2561663786571,407.20076751708984,1.0,524.0351552168529,386.2037501732508,1.0,503.5258967280388,399.5587317943573,1.0,523.9992301066717,413.521901845932,1.0,0.8301376578982623,-9.69205552198959,-6.2693161925346175,11.479092834004588,-13.002461471721647,-28.884199022349392,30.881423036082435,1,OK,1,OK,0,thumb_chain_height_break,1,OK,1,OK,1,OK,1,OK
97,/data2/hrd/Dyn-HaMR/test/images/rgb/000098.jpg,3.2333333333333334,1,0.04657469689846039,0.14169389009475708,0.7084541916847229,-3.031171811920486,0.36674327692990544,1.4593201756609937,149.61013410653263,571.2325950200939,499.46407989373984,1.0,534.3575618245832,451.84076895681574,1.0,489.8479531116227,419.39072986705287,1.0,449.4953873693721,393.9597576435408,1.0,397.3490169685574,361.70865098180275,1.0,539.9958369266569,345.0372246098998,1.0,523.2308623439731,296.857127937481,1.0,504.5519990702878,270.79483182670447,1.0,487.50213053193147,242.31179866900493,1.0,548.9135128959078,347.33751937382794,1.0,498.359303223187,356.3219815779057,1.0,480.4709108097695,387.1942465975717,1.0,506.54157210912854,411.3863828727044,1.0,551.233021537475,379.4070749332859,1.0,506.4970652022607,368.0274097531428,1.0,485.30455990248765,397.3803117622974,1.0,510.39169327843365,418.5838368861441,1.0,546.9269776171059,407.5317795093433,1.0,520.8780836024716,387.22840460226325,1.0,499.34713667680325,400.0646276034495,1.0,518.1839862829402,415.33780961700177,1.0,0.8248547978973872,-10.583619283880267,-5.995162676846197,12.097716073934626,-13.999771956757629,-29.18517681522264,31.452563088408997,1,OK,1,OK,0,thumb_chain_height_break,1,OK,1,OK,1,OK,1,OK
98,/data2/hrd/Dyn-HaMR/test/images/rgb/000099.jpg,3.2666666666666666,1,0.0448337197303772,0.14027465879917145,0.7078802585601807,-3.02711543783348,0.3824737359755857,1.4665825532428785,146.90237348132322,568.2255945701121,497.18564816539345,1.0,531.4346215727128,448.83095915836805,1.0,487.31368799147447,416.32548715043777,1.0,447.34633417442126,390.9696331734016,1.0,397.44577279522616,358.5271915391951,1.0,537.944729161975,343.02883812286257,1.0,522.1352160755738,295.3387919912657,1.0,503.99344309494677,269.5114206070508,1.0,486.7968022760451,241.92229942413846,1.0,547.0924842579758,346.02522823814695,1.0,496.56030658142595,353.9094813553726,1.0,478.0166318165949,384.20701558977487,1.0,504.53554050172954,408.0679162806797,1.0,549.412130289142,378.5148130001113,1.0,505.00821241204653,366.1208039889567,1.0,483.2426872712182,394.8244348555414,1.0,508.32724400599295,416.29025098163527,1.0,545.0718472094826,406.8994711424517,1.0,519.0215137810683,386.5099414834252,1.0,497.44531074793986,399.10781375828935,1.0,516.4969562706447,415.1623050804852,1.0,0.8079731339640128,-8.78177524499663,-6.176440022667323,10.681433486360119,-11.951549846292842,-29.017091264952036,30.698202504010325,1,OK,1,OK,0,thumb_chain_height_break,1,OK,1,OK,1,OK,1,OK
99,/data2/hrd/Dyn-HaMR/test/images/rgb/000100.jpg,3.3,1,0.044306136667728424,0.13973958790302277,0.712390124797821,-3.029482762643661,0.38368931181078986,1.466050607468729,146.58533070906665,565.930205652409,494.66878784832204,1.0,529.3025947877495,446.4590648253585,1.0,485.47869233941674,414.13058563790275,1.0,445.9024389781831,388.9646697135271,1.0,397.0338213627359,356.9115917913855,1.0,535.8313523752158,341.3215002842512,1.0,520.248567872297,293.76492023708636,1.0,502.52194012216114,267.9380088413351,1.0,485.8112458035288,240.26756884659093,1.0,544.9352751643468,344.414925586799,1.0,494.8208714959349,351.7599695318255,1.0,476.119392977987,381.8694709478226,1.0,500.84311167461726,406.19827877765726,1.0,547.2252663280982,376.8574520906177,1.0,503.09870785730254,364.3447629987294,1.0,481.08014486160516,392.78394590885125,1.0,504.7627674948128,414.53792025474104,1.0,542.8700522417427,405.1973316155812,1.0,517.193239428424,384.48756042242223,1.0,495.41810477463764,396.8595477577279,1.0,513.3013852388957,412.334997620918,1.0,0.8059965155421659,-9.650247758718601,-6.8551321311637485,11.763442425401552,-12.815333735545298,-28.334000119869486,30.337401936474798,1,OK,1,OK,0,thumb_chain_height_break,1,OK,1,OK,1,OK,1,OK
100,/data2/hrd/Dyn-HaMR/test/images/rgb/000101.jpg,3.3333333333333335,1,0.04331255704164505,0.13781620562076569,0.712628960609436,-3.0293183163816835,0.38516042472861073,1.4567368178925695,147.42684172152798,563.5772999074348,491.2087651781136,1.0,526.5957138632797,443.44258820717005,1.0,482.5965903158418,411.8678662411312,1.0,442.96106814341965,386.73043750892646,1.0,392.93762621369933,354.4170343339214,1.0,532.259100115864,338.84930442318057,1.0,517.8167324638084,291.61905218810625,1.0,500.4389869995364,266.33977565700536,1.0,484.55712435580324,238.91577364740988,1.0,541.4497425136445,341.946431702994,1.0,491.660454011761,349.47998762428267,1.0,472.63715966441225,379.4227430022029,1.0,492.80282313829287,407.20211581365277,1.0,544.0764596567975,374.3512471704198,1.0,500.105736911509,362.02937356338543,1.0,478.4203436693315,390.81864668986907,1.0,498.390612153569,414.7055363303692,1.0,540.0782991689975,402.67736517788217,1.0,513.2492485886069,383.5516379315362,1.0,491.85248184566854,396.8178549470191,1.0,508.43727550058645,413.22260235643625,1.0,0.8112429564484801,-7.744087838554577,-6.918479424293125,10.329016119692724,-10.692675476969535,-28.2860865460745,29.695957416667333,1,OK,1,OK,0,thumb_chain_height_break,1,OK,1,OK,1,OK,1,OK
101,/data2/hrd/Dyn-HaMR/test/images/rgb/000102.jpg,3.3666666666666667,1,0.043350137770175934,0.13741959631443024,0.7184634804725647,-3.027975027352494,0.3825463710709627,1.4531679662457428,146.0255762067068,561.8970444318948,488.53267307377246,1.0,524.8742060308982,441.2487445902061,1.0,481.52069915513925,409.845241316747,1.0,442.49199901865813,384.88255752025816,1.0,392.8035776695342,352.7352667913342,1.0,530.2195822707072,337.20713839233235,1.0,515.7260011921276,290.24338204255764,1.0,498.43256790198643,264.9717689984973,1.0,482.5847685547044,237.5710072758866,1.0,539.4762984654526,340.1804359864635,1.0,489.9365560508162,347.73532844181113,1.0,470.72733598117657,377.4762144795468,1.0,489.65758296159925,405.9013505829571,1.0,542.2695723825391,372.3825816573244,1.0,498.35870639115035,360.5109441348909,1.0,477.1637442748065,389.5044452563652,1.0,496.9110137396408,413.4461184339889,1.0,538.4140367125074,400.5726185825861,1.0,511.805728121652,381.4893476520856,1.0,490.74952845886406,395.38766112552275,1.0,506.40498120687516,411.44113611952343,1.0,0.8025066991580823,-6.706812786306947,-6.977199098305158,9.632515256244552,-9.555579375911764,-28.226428040195557,29.360651538156695,1,OK,1,OK,0,thumb_chain_height_break,1,OK,1,OK,1,OK,1,OK
102,/data2/hrd/Dyn-HaMR/test/images/rgb/000103.jpg,3.4,1,0.043762363493442535,0.1367519199848175,0.7245771288871765,-3.052725146789733,0.36547613523877254,1.445337235810251,146.63652137354714,560.3684681972276,485.2929981676947,1.0,524.4055408923491,438.8753902931452,1.0,480.98032247052697,407.87765615293995,1.0,441.89012531902335,382.96520699517896,1.0,391.79197705072454,350.6559773034563,1.0,528.7441306268529,335.0976033789548,1.0,514.9578091688605,288.088927912076,1.0,497.60150787236364,263.00236791129464,1.0,482.2533295869034,235.24794856255843,1.0,536.9688968079154,337.5486552807156,1.0,487.75111036699843,345.20616876569943,1.0,469.2799571364503,375.12248549878916,1.0,486.8327514763296,403.8089423788855,1.0,539.0522832600024,369.22572493375174,1.0,495.29953151206144,357.6653698968488,1.0,474.55837838123307,386.7906723486809,1.0,492.9062266817198,411.0909958452527,1.0,534.8319003176927,397.0106858045307,1.0,508.23388049375524,378.46727683845984,1.0,488.9497355379418,393.76932706009666,1.0,505.9062921425899,408.00970065625245,1.0,0.8063156662035058,-8.272848695370929,-6.337561103997345,10.368500292050093,-11.382699921118745,-28.88005286140959,30.42007241994648,1,OK,1,OK,0,thumb_chain_height_break,1,OK,1,OK,1,OK,1,OK
103,/data2/hrd/Dyn-HaMR/test/images/rgb/000104.jpg,3.433333333333333,1,0.0433262437582016,0.13419437408447266,0.727136492729187,-3.020745586872172,0.3689687747068258,1.437849707520559,146.62497595577216,557.6578455291408,479.9676601414879,1.0,520.498330939965,434.6897577415851,1.0,477.70038461487763,404.0494233106195,1.0,439.48605737685523,378.343526158232,1.0,388.44009433668305,347.3936062862928,1.0,524.3669588914636,332.2296358520048,1.0,512.7038332624422,285.3712128195451,1.0,495.45155389913026,261.24773306375334,1.0,481.4104991688879,234.01200548895577,1.0,533.6804130097128,334.3860260288332,1.0,485.13667738519143,342.3953984347718,1.0,466.5940329210729,371.8536838952447,1.0,479.26001687883763,403.34622638085665,1.0,537.08416865857,365.6498856313968,1.0,493.54824596446286,355.03539756395065,1.0,472.60742531171,384.0489425415387,1.0,486.025522341895,410.4644283470552,1.0,534.088060792031,393.12325341662654,1.0,507.47072190867885,374.68599186843977,1.0,486.1916136891541,388.16004763149976,1.0,499.0999223732615,405.14014195434476,1.0,0.8062436857407451,-6.765100578163281,-6.46273547168409,9.314881899643996,-9.662350531258035,-28.749363399967436,29.87376431530373,1,OK,1,OK,0,thumb_chain_height_break,1,OK,1,OK,1,OK,1,OK
104,/data2/hrd/Dyn-HaMR/test/images/rgb/000105.jpg,3.466666666666667,1,0.04418778419494629,0.13194356858730316,0.7370050549507141,-3.0315102207306452,0.3874154628932851,1.4435798114258365,146.8781272913427,556.0810296026095,473.04109630380236,1.0,519.9053056989512,427.2278090017414,1.0,477.7349736089229,396.8919669225761,1.0,439.5542518805602,372.0625705710381,1.0,387.62880058903045,342.3153186699294,1.0,524.2465106108566,327.140220773004,1.0,512.303625139838,281.6004777662398,1.0,496.44620867920963,257.6833148330158,1.0,483.39239600291296,230.94872551911917,1.0,533.201154316157,330.33664584129457,1.0,485.25752236300957,338.41317577429464,1.0,465.5662208879156,366.3687269779709,1.0,477.74677119586556,395.79529831351647,1.0,536.0999557526109,361.92340741976915,1.0,493.0323701957662,351.9112510811272,1.0,472.27864324264135,379.8748038240853,1.0,487.54015023158695,403.69317874517645,1.0,532.6962828742869,389.5184914998384,1.0,505.7662265587881,372.4287718414295,1.0,485.8539668157159,386.03720967763275,1.0,499.64411906823494,401.9168408872847,1.0,0.8078219699256909,-7.041229222930169,-6.019706237234598,9.224704662663134,-10.040866624144961,-29.187827450476068,30.370002810678372,1,OK,1,OK,0,thumb_chain_height_break,1,OK,1,OK,1,OK,1,OK
105,/data2/hrd/Dyn-HaMR/test/images/rgb/000106.jpg,3.5,1,0.04482826590538025,0.12956279516220093,0.7446361184120178,-3.0394881544424415,0.37864927496089,1.442545392785303,148.19888890546983,554.1304648629932,466.6627361293261,1.0,518.7907765787459,421.57957452136907,1.0,476.92095849736506,391.96398752970464,1.0,439.2516262492136,367.0762175873242,1.0,386.4010244639164,339.2734787961005,1.0,522.8890174819826,322.6767496170948,1.0,511.56731506835786,277.5781565656265,1.0,495.4093521355814,254.17694655626354,1.0,483.25548172987936,227.1034080083385,1.0,531.3445575413643,325.64601703110003,1.0,483.63569793344413,332.31765298821483,1.0,465.07096110930433,360.171413934889,1.0,475.46127562206436,390.4332048549598,1.0,533.868857096056,356.76656375052215,1.0,491.3245674628876,346.3422147989234,1.0,471.4058511600597,374.2202791750654,1.0,485.3763884129318,399.111502912788,1.0,530.3660241539667,383.90970925582707,1.0,503.0123397296932,368.2246478093778,1.0,484.5241826056511,383.2273565207045,1.0,498.13001254333966,400.6806117014494,1.0,0.8160563217728269,-7.426552537927829,-5.047570356316004,8.948050834188447,-10.574223030264482,-30.144900889438013,31.382960628890633,1,OK,1,OK,0,thumb_chain_height_break,1,OK,1,OK,1,OK,1,OK
106,/data2/hrd/Dyn-HaMR/test/images/rgb/000107.jpg,3.533333333333333,1,0.04385065287351608,0.12712439894676208,0.7475911974906921,-3.0230359423635087,0.37709910085386267,1.445823575628349,148.0934675527892,551.9636630324458,461.75814555386023,1.0,516.1655343042348,416.8431811315034,1.0,474.51932321879696,387.0101721414776,1.0,437.02458602686477,361.7392225062146,1.0,384.2413556780824,333.3197404996083,1.0,520.7706712431391,318.0710165445717,1.0,509.6739790422892,272.9624312093116,1.0,493.7209276369037,249.5950135910668,1.0,482.14862887612964,222.2079005061496,1.0,529.7996413940084,320.9710791607384,1.0,482.4901775865,327.0393885817594,1.0,463.93548894858975,354.87502824217245,1.0,477.3559309227007,383.5166277990029,1.0,532.7911151011492,352.0522074534426,1.0,490.33598067087655,341.60792387224893,1.0,469.73129250085196,369.1292437187288,1.0,484.16414508554385,394.24479981939777,1.0,529.5923757657129,379.1652906210693,1.0,502.0856975247016,363.5784126025428,1.0,482.23661871991436,377.17083825148376,1.0,495.4267522375091,396.27862661238277,1.0,0.8153990672759608,-6.621397855074486,-5.560517370837983,8.614967825877454,-9.602682943179893,-29.637576790055554,30.69205430115189,1,OK,1,OK,0,thumb_chain_height_break,1,OK,1,OK,1,OK,1,OK
107,/data2/hrd/Dyn-HaMR/test/images/rgb/000108.jpg,3.566666666666667,1,0.04254474490880966,0.12407352030277252,0.7473404407501221,-3.0338006759111997,0.37350442911901527,1.4494856649315297,146.53576088277515,549.3640219076988,456.7345582825389,1.0,514.2948176143764,411.68626906324545,1.0,473.09359677776575,381.57088198611865,1.0,436.0749160917803,355.92794843331467,1.0,383.7651789599719,327.7164530384113,1.0,519.1246653091864,313.25981127062215,1.0,507.8994093610815,268.11077353549206,1.0,491.47729905139767,244.63223770292703,1.0,479.6312746825821,216.89036897695405,1.0,527.688392395766,316.1900482196122,1.0,480.2714251073849,322.1486346489894,1.0,462.16015403020083,349.9670873610976,1.0,474.2240109556574,379.20397912150776,1.0,530.1703334700651,347.22878606164704,1.0,487.62580752364255,337.0418153416006,1.0,467.5001593827913,364.53711346693916,1.0,481.0989526600752,390.43097396280126,1.0,526.6539513564912,374.2770165700852,1.0,498.97893993592,359.05765252440324,1.0,478.8772147345096,372.213826886933,1.0,489.7033132168411,392.36779327786036,1.0,0.8056874700745207,1.1796364183942871,-7.762788533501833,7.849756506161384,-0.6579637532692528,-27.47909335369401,27.484807271899236,1,OK,1,OK,1,OK,1,OK,1,OK,1,OK,1,OK
108,/data2/hrd/Dyn-HaMR/test/images/rgb/000109.jpg,3.6,1,0.04005835950374603,0.12059443444013596,0.7395312190055847,-3.000036718507354,0.3962853762812357,1.4662916621956072,138.1415915974285,549.4635536623816,453.3847641858156,1.0,512.9821456505954,406.25092394147396,1.0,471.12279066068453,374.8220414994673,1.0,433.0645227325664,349.49960189145867,1.0,385.02408932086956,316.6544050232917,1.0,519.5968197596355,306.79222748443317,1.0,507.30055330914394,262.2279105738213,1.0,490.66419947207345,238.92686769405492,1.0,476.0397813307758,212.73499809162846,1.0,529.6495267596138,310.7806120649274,1.0,481.728565629144,319.69263783877705,1.0,462.8423313639712,347.96812556861596,1.0,482.57668578415445,371.7247203114666,1.0,533.0180478993109,343.09823598203303,1.0,489.60876931728325,332.8847242284609,1.0,469.33364502136664,360.6168091011262,1.0,491.49121959321684,380.22955179624086,1.0,529.6143294073227,371.321797881849,1.0,502.68502925253705,353.5029248346709,1.0,483.01406890393014,367.5303046078922,1.0,501.3536938793657,382.4986335961612,1.0,0.7533536176815983,-4.952725305974574,-5.880205276492061,7.665819615039766,-7.648960177738414,-29.362202527635446,30.04548689278508,1,OK,1,OK,0,thumb_chain_height_break,1,OK,1,OK,1,OK,1,OK
109,/data2/hrd/Dyn-HaMR/test/images/rgb/000110.jpg,3.6333333333333333,1,0.0378861129283905,0.11782126873731613,0.7387465238571167,-2.9803188022090024,0.396236388853094,1.4782208296348143,137.36226921386225,546.4100289409107,448.9735952317096,1.0,509.58614394682263,401.4459786295811,1.0,467.88054796946244,369.5490429230904,1.0,429.76813911446334,344.1297048736278,1.0,382.3334514894523,311.286218616274,1.0,517.5743563737069,301.7294286909246,1.0,504.9484099454148,256.9673701118645,1.0,488.2466923812126,233.62773945912704,1.0,472.8391709640847,207.9561274232401,1.0,528.3791171424364,305.77586297435437,1.0,480.1262749279384,315.1337810785549,1.0,460.9766970973192,343.33526589761277,1.0,482.74942322999414,365.58129598685264,1.0,532.105256316303,338.26437205367347,1.0,488.3284025619828,328.62418423389,1.0,467.8829340292541,356.5030194591527,1.0,492.6977043105694,373.932471577069,1.0,528.8481362955554,366.6400118720376,1.0,501.95512477600187,348.55214618408536,1.0,483.02555886685377,363.4734421362464,1.0,503.7594490867059,376.9186943463046,1.0,0.7484948947750621,-6.790021354031079,-5.185395885939395,8.514374458771803,-9.808252233329071,-30.063302770976318,31.135742375367656,1,OK,1,OK,0,thumb_chain_height_break,1,OK,1,OK,1,OK,1,OK
110,/data2/hrd/Dyn-HaMR/test/images/rgb/000111.jpg,3.6666666666666665,1,0.03665810823440552,0.11493519693613052,0.7452396154403687,-2.9988366391050607,0.3983558262095234,1.4704080776008048,138.33676656089378,542.3294231697425,442.3537196190725,1.0,506.0941525411751,395.19314548960637,1.0,464.5203669599491,364.251968757803,1.0,426.84827549380555,339.0925568108435,1.0,378.02594543142675,306.8020494963545,1.0,513.3151715060128,296.63646392462516,1.0,502.3048965855675,252.1340529612959,1.0,485.9591962130914,229.16630134096948,1.0,470.82919483453753,204.21248919538024,1.0,523.456154350848,300.8631636740541,1.0,475.70893884780605,310.50645532550493,1.0,457.3407265714879,338.5327854632863,1.0,478.4668985748402,361.04179913914896,1.0,526.7756053026696,333.29230524932774,1.0,483.2510079297346,324.1411402704145,1.0,463.5792736501042,351.92899056166397,1.0,487.35338386559624,370.22514151823515,1.0,523.347522763921,361.5557526901266,1.0,496.24963565453163,344.18606079172423,1.0,477.7953922471277,359.0280132578555,1.0,498.36197350672984,373.16284518046024,1.0,0.7545704453844441,-5.585971476695195,-6.03103822405684,8.192683634893362,-8.350885656416878,-29.21201515755582,30.032354227048632,1,OK,1,OK,0,thumb_chain_height_break,1,OK,1,OK,1,OK,1,OK
111,/data2/hrd/Dyn-HaMR/test/images/rgb/000112.jpg,3.7,1,0.03545601665973663,0.11212557554244995,0.7552159428596497,-2.9547386540113476,0.4135960022101632,1.48106577100611,139.4679934144415,537.4330011557395,435.0685277587957,1.0,500.40739067827843,388.4996763194504,1.0,459.6603547590682,358.53021178144746,1.0,423.12548335358827,333.41081623428664,1.0,374.88189053345803,302.34067829727246,1.0,509.07012751072034,292.0831035260065,1.0,499.6134690585568,248.07080984616186,1.0,483.9682408710808,225.4791004126261,1.0,470.1446947711531,200.47645829917263,1.0,520.6729447881687,296.5918082713445,1.0,473.79453547471167,303.88347268933586,1.0,454.05451449929205,330.9784400608878,1.0,469.1099922992933,357.84705524207675,1.0,525.1800130051706,328.8806593480258,1.0,482.8674680264903,318.3177028765097,1.0,460.89719617926613,344.72993689286767,1.0,478.11486867443153,367.77602182523214,1.0,522.6833063513284,356.96074003183213,1.0,495.47255081674547,340.29890346860947,1.0,474.01620561587544,352.2650581408452,1.0,489.0679831215396,371.57402576762007,1.0,0.7616231336450706,-6.640952830005629,-5.740461859112927,8.744798905337126,-9.561657382357172,-29.511445679309926,30.564806474537114,1,OK,1,OK,0,thumb_chain_height_break,1,OK,1,OK,1,OK,1,OK
112,/data2/hrd/Dyn-HaMR/test/images/rgb/000113.jpg,3.7333333333333334,1,0.03529184311628342,0.11055618524551392,0.7644032835960388,-2.9671525973355557,0.39754018574081634,1.4731971676091153,137.9536301990336,535.0308040447162,430.2281861202882,1.0,498.3766992297474,384.51030618999357,1.0,458.12459415739,354.35184344561367,1.0,422.1275776955026,328.9528483411466,1.0,374.04355103682065,298.2144240177429,1.0,506.28408711011707,288.1805172937047,1.0,496.86503727062427,243.86397281897735,1.0,480.9094190249093,221.17427897907328,1.0,466.7810211166622,196.0823246156342,1.0,517.3611119843972,292.0994628929134,1.0,470.4175813337348,300.7276021932662,1.0,451.0954203366093,327.9595807840426,1.0,464.91630919143387,355.87660718428106,1.0,521.6251632386338,323.8874707098048,1.0,478.9598487841117,314.7872892411785,1.0,457.6872397346365,341.5634054730508,1.0,475.53030773359853,364.5997294509534,1.0,519.0263080234135,351.61303411319204,1.0,492.08803149604773,334.80055773048025,1.0,469.75669980106056,345.2165755627193,1.0,483.0277210150414,365.41825177661667,1.0,0.7521817632973489,-6.754816836047836,-5.09370411737292,8.4319368442378,-9.75149766265849,-30.13931115987275,31.19482417872387,1,OK,1,OK,0,thumb_chain_height_break,1,OK,1,OK,1,OK,1,OK
113,/data2/hrd/Dyn-HaMR/test/images/rgb/000114.jpg,3.7666666666666666,1,0.03569883108139038,0.10835865139961243,0.7715752720832825,-2.959578405866082,0.38805426103858154,1.4668996596029582,136.5860924178356,533.6796425653256,424.93588687615556,1.0,496.8913649366932,380.068870641574,1.0,457.0177246630908,349.4678204633519,1.0,421.2535696076129,323.39933786239317,1.0,372.4087023883858,291.66569767010446,1.0,504.0920393710044,284.1337677718784,1.0,494.5945135140387,239.8713643040992,1.0,478.7178852271868,217.18718852425627,1.0,465.3108528315505,191.54101996770623,1.0,515.3787532462738,287.62272038772744,1.0,469.04536697217964,297.2940237589062,1.0,451.306959732251,324.97247112885884,1.0,465.19222141153546,351.55623717780963,1.0,520.0640383217415,318.9595841437282,1.0,477.3278411394797,311.38475704210066,1.0,458.6440598498275,339.21722882025597,1.0,477.44711037696425,360.85463002738834,1.0,517.845251661156,346.41289260259555,1.0,490.78889345041034,330.29276611456316,1.0,472.23265794135796,344.95767571972374,1.0,490.3647305794898,361.9883658710596,1.0,0.7436557831854282,-5.995141422498636,-5.5328381080415,8.130896297136127,-8.839441758281035,-29.668243625822083,30.56190510282846,1,OK,1,OK,0,thumb_chain_height_break,1,OK,1,OK,1,OK,1,OK
114,/data2/hrd/Dyn-HaMR/test/images/rgb/000115.jpg,3.8,1,0.03466904163360596,0.10547918826341629,0.7685887217521667,-2.982181567327029,0.3908527728513905,1.4628580502623294,133.16204850291334,532.6553251364123,420.9783745381931,1.0,496.3893926552484,375.6912461320341,1.0,456.33407271142454,344.5250782638006,1.0,420.31714538946346,318.0226436825829,1.0,370.6504550635885,285.9552726123855,1.0,503.09148284216855,279.7688806419713,1.0,492.9668144733234,235.63966853391744,1.0,476.19733924467704,213.21674709148039,1.0,461.06687586927944,188.19535234758342,1.0,513.6631870271683,283.59356697753793,1.0,467.0639432412151,294.13987532749934,1.0,450.4817730958949,322.09602636934966,1.0,465.7308455003264,347.38584661689066,1.0,517.7274838467022,315.2180170703485,1.0,474.76956098404077,307.83469904195897,1.0,457.17641900325106,335.659920681517,1.0,477.28097216788007,356.2311022480283,1.0,515.0683682343231,342.8532697743326,1.0,488.93965488191907,325.134546615592,1.0,470.10882045906004,338.69587347349716,1.0,487.6734595726669,356.04565245141083,1.0,0.7223084166100083,-7.451399395508344,-6.026081729082665,9.54091281500767,-10.426001566934769,-29.14073514113928,30.41735418738891,1,OK,1,OK,0,thumb_chain_height_break,1,OK,1,OK,1,OK,1,OK
115,/data2/hrd/Dyn-HaMR/test/images/rgb/000116.jpg,3.8333333333333335,1,0.034824296832084656,0.1028900071978569,0.7821435928344727,-2.959022799804625,0.3990725968843133,1.4692806574313968,133.06356322014753,529.39448957885,413.7690970411592,1.0,493.06291261935195,369.0661381678765,1.0,453.6677195750297,338.8626687377479,1.0,418.30785728074807,313.26695381836794,1.0,370.03332880538073,283.26286418543896,1.0,500.54433957390694,275.19707589048784,1.0,491.15669826561253,231.8889284931635,1.0,474.85439993691915,210.06143716937973,1.0,460.4161435683206,185.60602288709316,1.0,511.8684139831682,279.2539005998536,1.0,466.15459579841377,289.90953038129555,1.0,448.3744758530347,316.9107134501987,1.0,460.6224032497067,343.2711021779617,1.0,516.5609182735832,310.564343007776,1.0,474.47075137820906,303.11004029302984,1.0,455.1922360925764,329.5251201664972,1.0,473.1819509506834,350.5182850872922,1.0,514.3837058468423,337.91813565394233,1.0,490.19491062285186,318.71483205116857,1.0,467.69896923487715,328.0782657850029,1.0,479.8858490515357,346.41450120707367,1.0,0.721694405374836,-9.131202966285725,-5.542790236615154,10.63382270390543,-12.380206651000739,-29.626164045342694,31.365446491785878,1,OK,1,OK,0,thumb_chain_height_break,1,OK,1,OK,1,OK,1,OK
116,/data2/hrd/Dyn-HaMR/test/images/rgb/000117.jpg,3.8666666666666667,1,0.034137122333049774,0.10055410861968994,0.786180317401886,-2.952169016368082,0.4066051458961321,1.474231563020167,130.1225446737659,527.3001119311386,409.19337731705554,1.0,491.0883352847807,364.3937059566985,1.0,452.2370152353703,334.1462713436722,1.0,417.46044314543053,308.28537455018767,1.0,370.2932757990857,277.78584259784174,1.0,499.07761296644156,271.43642182355507,1.0,490.0726293917202,228.4008473096498,1.0,473.8446633157243,206.85196642995047,1.0,459.16115629206206,182.73650567715475,1.0,510.6849628105592,275.86265025053154,1.0,465.2321704172493,284.6868114997178,1.0,447.12421142841896,311.2297794928736,1.0,459.1468491228682,337.0154099335632,1.0,515.498096355225,307.2616191167334,1.0,474.36977419893174,297.7695461884071,1.0,452.7598199870854,322.8966376760309,1.0,468.225808949085,344.41591492994485,1.0,513.385406392892,334.6400658214637,1.0,490.29524221678065,314.74956810299227,1.0,465.8375315883133,321.27844803757034,1.0,475.00340946851475,340.3640010911901,1.0,0.703358483705986,-9.28908204774583,-5.135587747273147,10.571286687830064,-12.632730588796894,-30.03436879155768,31.801926605449843,1,OK,1,OK,0,thumb_chain_height_break,1,OK,1,OK,1,OK,1,OK
117,/data2/hrd/Dyn-HaMR/test/images/rgb/000118.jpg,3.9,1,0.033270567655563354,0.09760028123855591,0.7863401174545288,-2.919593678488078,0.4266903827423086,1.4991337458312501,124.76787414804528,525.7405501127287,404.45641018027527,1.0,489.59168818222315,358.8603412348257,1.0,451.3199285958617,327.97346698931506,1.0,417.0472633256504,301.3886681737505,1.0,371.35414730423145,269.39490186899184,1.0,499.94739669241153,267.17989615973056,1.0,489.5535517312301,224.70542551179824,1.0,473.24093056328843,203.26993593514635,1.0,457.767705166395,179.3964605656838,1.0,512.6390017720169,272.4118328216082,1.0,468.2275844588259,277.6184797571095,1.0,449.4366931153163,303.39725445895783,1.0,462.1993951065797,326.347797915143,1.0,517.8258838406782,304.1946499908217,1.0,479.6188658221913,289.62166276405605,1.0,454.26227175059194,312.25061580029046,1.0,465.0109095655487,334.15888075039857,1.0,515.8208425411103,331.79205988777085,1.0,496.21368871884897,309.59188521013084,1.0,469.2537645159681,308.6663094195344,1.0,469.68776178787107,328.1975024570729,1.0,0.6699745326109108,-11.240546603729829,-4.281222453301125,11.98990790097746,-14.999864179349801,-30.883950749284082,33.240179182554506,1,OK,1,OK,0,thumb_chain_height_break,1,OK,1,OK,1,OK,1,OK
118,/data2/hrd/Dyn-HaMR/test/images/rgb/000119.jpg,3.933333333333333,1,0.033091142773628235,0.09506355971097946,0.7886934876441956,-2.928673183250329,0.4427198357589365,1.5058589323072828,124.22594793407634,524.6175982803452,399.93928229513403,1.0,489.23517548292193,353.8779615768253,1.0,451.2183704365618,323.15784640357333,1.0,416.98230947925003,296.8793241551744,1.0,371.0433597767151,265.02707117113914,1.0,500.0849010430388,263.6018967502132,1.0,489.6025451698224,222.00542911212506,1.0,473.47984112284354,200.89587174198095,1.0,458.76026078285895,177.06212691492874,1.0,512.4089771157614,269.52124477491043,1.0,468.4709395534349,274.1934626351408,1.0,450.07740899511737,299.39635507754326,1.0,463.5530339886776,320.5422657456902,1.0,517.1065650048231,301.51778808425115,1.0,479.70513450916815,285.8654668908305,1.0,454.1032230440644,307.6204448355794,1.0,464.163578999267,329.00430220727003,1.0,514.7483368138801,329.1833708285453,1.0,495.76253557330165,306.73657209261864,1.0,469.0116653603571,306.6266332903075,1.0,470.11408933406784,324.6568781857977,1.0,0.6665958675488165,-10.124724322877306,-3.8581439827542443,10.806764015882559,-13.771928522183035,-31.30530889654065,33.2517406919811,1,OK,1,OK,0,thumb_chain_height_break,1,OK,1,OK,1,OK,1,OK
119,/data2/hrd/Dyn-HaMR/test/images/rgb/000120.jpg,3.966666666666667,1,0.03254038840532303,0.09275199472904205,0.7907794117927551,-2.929360294974177,0.447217385446875,1.5007987753674132,124.20972657048166,523.5243983497812,395.89555499621565,1.0,487.86649168662234,349.94217302725883,1.0,449.9007187072184,319.3371020125469,1.0,415.6808064754641,293.3300467332577,1.0,370.3317359729317,262.1490286965095,1.0,498.3660365619394,259.86810526615045,1.0,488.66670088926,218.3452892165078,1.0,472.80739718033976,197.49432053472992,1.0,458.16726400040216,174.32547723763673,1.0,510.74576431314017,265.881689297295,1.0,466.3156255273563,272.25190795035724,1.0,448.135989337532,297.49927160211877,1.0,462.19521994853585,318.9039355356449,1.0,515.6214491139308,297.94719941399853,1.0,476.64728398659986,285.0519480164737,1.0,453.4414664388919,308.1902073487281,1.0,468.3295499904683,327.5093900413526,1.0,513.40650005714,325.68377831680846,1.0,492.92550893155385,304.1091602956768,1.0,467.40896588701287,307.72035329439586,1.0,475.4851729541657,325.97481420588247,1.0,0.6664947346768052,-11.533224265675242,-3.4610453733461086,12.015014487215236,-15.461286308422297,-31.70818136954449,34.09410971622675,1,OK,1,OK,0,thumb_chain_height_break,1,OK,1,OK,1,OK,1,OK
120,/data2/hrd/Dyn-HaMR/test/images/rgb/000121.jpg,4.0,1,0.03287293016910553,0.09144693613052368,0.8018838763237,-2.9553991160960633,0.41586901273619153,1.4926840547040892,124.83946174090167,521.3571735544356,391.6723077859988,1.0,486.58353931971624,346.8929282697136,1.0,448.6665139023953,316.9586000929821,1.0,414.3962474989976,291.87874088464196,1.0,369.41727109228304,260.3828775403922,1.0,496.25644561223044,256.314366639961,1.0,487.1899327655192,214.76428645037413,1.0,471.660292749227,193.7909198021589,1.0,456.86833679163715,171.291899794016,1.0,507.59502249400157,261.21402226026566,1.0,463.20811402392314,269.9094042254669,1.0,445.9229452533127,296.0049290149202,1.0,459.6402591916392,319.8232913123675,1.0,511.694391462921,292.30972075901445,1.0,471.5567151048802,282.7567404819954,1.0,450.70907893921503,307.19409587251835,1.0,467.33205057742487,327.2752806739845,1.0,509.0193055270638,319.2602668298241,1.0,485.8610426318205,300.1996235168467,1.0,462.69420549642984,307.64807881801767,1.0,473.3556697630688,325.89369294061726,1.0,0.6704208489038465,-12.015149506830788,-3.546170875547498,12.498743779109246,-16.00524499172243,-31.595535044310594,34.16444315159011,1,OK,1,OK,0,thumb_chain_height_break,1,OK,1,OK,1,OK,1,OK
121,/data2/hrd/Dyn-HaMR/test/images/rgb/000122.jpg,4.033333333333333,1,0.032590143382549286,0.0889614149928093,0.7932664155960083,-2.941891558491346,0.4354422844268735,1.500376501538142,122.87260720940627,523.0735527906302,389.42298776645475,1.0,487.89860659061077,343.5577367798681,1.0,450.0405925930402,312.5094050812592,1.0,415.56404494064554,286.6678239662332,1.0,369.5396395671208,255.50509183946178,1.0,498.2057530713493,253.05838717653205,1.0,487.9429963698814,211.45160817515836,1.0,471.95156869412386,190.4254533697937,1.0,456.0450087101072,168.24399677486446,1.0,510.1293664935395,258.7495114458122,1.0,465.54193643694816,265.8245878424286,1.0,447.9094469804345,291.4206768321899,1.0,461.1539627583125,313.4345055726465,1.0,514.5653329724848,290.53420898735993,1.0,475.3583673925886,277.8250610462109,1.0,452.0618138869104,301.10896937783355,1.0,465.99930685185717,321.12844532859646,1.0,511.99904495407253,318.0561801731381,1.0,491.2109518003843,296.6603857282843,1.0,466.4390183977889,302.1052244860437,1.0,474.7632041084228,319.5542119006295,1.0,0.6581583996690762,-12.044627111724218,-3.924988582320723,12.632971459268944,-15.980013847822471,-31.211987677719176,33.82888495522103,1,OK,1,OK,0,thumb_chain_height_break,1,OK,1,OK,1,OK,1,OK
122,/data2/hrd/Dyn-HaMR/test/images/rgb/000123.jpg,4.066666666666666,1,0.03301741182804108,0.08680132776498795,0.800864577293396,-2.9381568673587495,0.4420517168898689,1.517004005061729,118.98141379831253,521.5389456766025,384.6289577297878,1.0,487.4591742996824,338.6063349047836,1.0,450.21851040531664,307.6381538501843,1.0,416.4898360063089,281.48160798845583,1.0,371.4107327472217,250.21476940569636,1.0,499.03204232342915,249.66790643727563,1.0,488.1023961130283,208.7055603368135,1.0,471.702913373409,188.0599428565353,1.0,455.3442279615985,165.8836054712204,1.0,510.8428774025221,255.72108519839304,1.0,467.5564505384326,260.24125945618715,1.0,450.323176683138,285.1429674535151,1.0,465.00018906668663,304.1195427081302,1.0,514.8207470404238,287.3751924804662,1.0,477.99125117341237,271.7279365076303,1.0,452.8761154664867,293.05406324408864,1.0,463.81779541325704,312.83596425942807,1.0,511.92070010532615,314.67122784186694,1.0,493.6864706926144,292.23030718028343,1.0,467.8440132963224,294.0673227219972,1.0,472.4262854251747,309.69937136288536,1.0,0.6338985670774249,-12.156721934712277,-3.7329225693633257,12.684786098738778,-16.1361343056279,-31.390622593348688,34.03092923184597,1,OK,1,OK,0,thumb_chain_height_break,1,OK,1,OK,1,OK,1,OK
123,/data2/hrd/Dyn-HaMR/test/images/rgb/000124.jpg,4.1,1,0.0321694016456604,0.08439251780509949,0.8027291297912598,-2.9621957996083847,0.45169025787762696,1.5141314310605014,119.40770180979648,519.873983969909,380.56528521694173,1.0,486.45566129162097,334.1578605380673,1.0,449.3645073236876,303.3550232164495,1.0,415.4713049646858,277.8733705779809,1.0,370.77285960626125,247.73813767815653,1.0,497.74217130068064,246.00383902056942,1.0,487.0678533569174,205.17260890135972,1.0,470.7321300020557,184.40139709475744,1.0,454.1775831369405,162.2872667389541,1.0,508.82948516738844,252.53962777930036,1.0,465.3333386758489,257.13220839855813,1.0,448.01598901363377,281.7083247143332,1.0,462.45621989755927,300.49289670761453,1.0,512.1768490703471,284.4092181873562,1.0,475.29084031266876,268.4174600343925,1.0,450.0551383482978,289.21690442062913,1.0,461.8635689582063,308.843355120069,1.0,508.82649978539183,311.81980700603435,1.0,490.7973938868451,288.9598068378445,1.0,465.2428616409476,291.41966451307854,1.0,470.1282719473658,306.7812741029823,1.0,0.6365562802008446,-10.18797046874422,-5.005026396155917,11.305251471802729,-13.680406302559447,-30.06951770753005,32.131119970170595,1,OK,1,OK,0,thumb_chain_height_break,1,OK,1,OK,1,OK,1,OK
124,/data2/hrd/Dyn-HaMR/test/images/rgb/000125.jpg,4.133333333333334,1,0.03147154301404953,0.08203449845314026,0.8080917596817017,-2.9724721854092153,0.4440668441285244,1.5125473186009855,120.93523991862652,517.4359216392677,375.9614929727698,1.0,484.47152483933314,330.0476021445793,1.0,447.3740210454019,299.82840741638284,1.0,413.7498198396537,274.5578760555455,1.0,369.2256024594062,243.91217044702097,1.0,495.6406692640744,242.1151178615843,1.0,486.2305573537198,201.85363329944144,1.0,470.65537190793935,181.36917726501633,1.0,455.61181799218895,159.2791153202009,1.0,506.2794670863993,248.3335514358202,1.0,462.64549020831527,253.83543914863168,1.0,445.1741129569876,278.28300695385093,1.0,457.9964702371753,298.8947852592123,1.0,509.25489415154306,279.85432182976325,1.0,471.4635289077008,266.1423767432495,1.0,447.9498441764286,287.433561601396,1.0,461.23158246550923,306.8305218964818,1.0,505.7258948519114,306.9333591878091,1.0,485.7641081658958,285.5720202977124,1.0,460.80318619893825,288.41612517580484,1.0,466.3645450980636,305.41947319839545,1.0,0.6460797900556705,-9.872358063931573,-5.161165990479299,11.093493331510476,-13.305839976011022,-29.885744241609387,31.859038257818266,1,OK,1,OK,0,thumb_chain_height_break,1,OK,1,OK,1,OK,1,OK
125,/data2/hrd/Dyn-HaMR/test/images/rgb/000126.jpg,4.166666666666667,1,0.032814331352710724,0.08003047108650208,0.8166313171386719,-2.9420611524710902,0.41819459987983165,1.4999594824604054,123.46756536757117,517.1907205507268,371.3814665655955,1.0,483.03068204141164,327.5511391462169,1.0,445.83191935990726,298.24216658045225,1.0,412.5002281150737,273.29742571521047,1.0,368.12293827741087,243.39403827860224,1.0,493.15998204548123,238.86259201190114,1.0,485.53359112156795,197.93011671349814,1.0,470.39290240899845,177.65922723502445,1.0,455.4549676332231,156.11657070311048,1.0,504.5709047681157,243.59003643314463,1.0,461.33624027156975,251.69076187140854,1.0,443.2926485653952,276.55464101219013,1.0,454.25817662812005,300.0716758156959,1.0,508.7075305149083,273.96239186438197,1.0,469.50881955157274,264.8728580415061,1.0,448.99922922791393,288.435509820114,1.0,463.28193823447407,308.7354824401955,1.0,506.208934586135,300.2430223476731,1.0,482.37422123156466,283.4306074516935,1.0,460.0990160680328,291.2126373115025,1.0,469.56438849531196,308.86829095418216,1.0,0.6618676949395113,-9.212399119671534,-6.049230158090511,10.964592816900701,-12.418189414073924,-29.00115184340642,30.81473469694911,1,OK,1,OK,0,thumb_chain_height_break,1,OK,1,OK,1,OK,1,OK
126,/data2/hrd/Dyn-HaMR/test/images/rgb/000127.jpg,4.2,1,0.03036940097808838,0.07727525383234024,0.8087756037712097,-2.987154847948686,0.43993033566927253,1.4981624469270378,121.46167717218901,515.5720595225096,368.506192340712,1.0,482.48149640375283,322.9089556028387,1.0,445.31626929369787,292.7459008350975,1.0,411.4963862980079,267.753289622978,1.0,367.19348574889045,237.3039445242598,1.0,492.37357477527377,234.78477164032287,1.0,483.56836423834557,194.52375262883407,1.0,468.31779205890376,174.13269460637395,1.0,453.8340237163373,152.178412501297,1.0,502.67576133954,240.82482631218255,1.0,458.3167972602846,249.55606230415805,1.0,441.4010381956482,274.41745614624637,1.0,454.01649555767045,296.76042618908497,1.0,505.6909731310522,272.23805397027684,1.0,465.90619578897736,262.17922129445765,1.0,446.6339687096238,285.8610342900529,1.0,465.36958544677657,303.6400350892256,1.0,502.267656110612,299.2966388580274,1.0,479.63881405681656,280.0022148752808,1.0,458.9477967994664,290.3297103412292,1.0,472.7977078934113,305.92863905788846,1.0,0.6493618884486787,-9.599838352224118,-5.7133153665479925,11.117515484216966,-12.90267047696002,-29.358802983935252,31.273671822728957,1,OK,1,OK,0,thumb_chain_height_break,1,OK,1,OK,1,OK,1,OK
127,/data2/hrd/Dyn-HaMR/test/images/rgb/000128.jpg,4.233333333333333,1,0.029700055718421936,0.07476671040058136,0.807544469833374,-2.9797506135726883,0.44247652608489507,1.5119510628614934,119.59188746383867,514.7196899132894,364.7932621005372,1.0,482.0343860251519,318.76210844393,1.0,445.06011604678434,288.1699422598546,1.0,411.0999716498269,263.30417771980103,1.0,367.6659512601922,233.06313732493618,1.0,493.0501767159849,230.81450288924498,1.0,484.1179007394979,190.63001014731708,1.0,468.5533842321359,170.43040010566256,1.0,452.94546358764546,149.22028238573938,1.0,503.4498222487479,237.01585066933632,1.0,459.2715607720617,246.5039651069389,1.0,442.7948011940213,271.39300016592597,1.0,456.35962618473997,292.3134234911704,1.0,506.26250963301146,268.4491449433477,1.0,466.23460728955774,259.24250215586227,1.0,447.1529341209842,283.063586723191,1.0,466.6720009121999,299.89558293000636,1.0,502.6306620528782,295.47033945175707,1.0,479.6021135793364,276.5973840504401,1.0,458.57672327465093,286.66910745701324,1.0,471.9612173588855,301.7676102843404,1.0,0.6377045945252132,-2.5950442958219715,-6.88087203183572,7.3452147747143375,-4.895081524961639,-28.170344294511892,28.472486670568422,1,OK,1,OK,1,OK,1,OK,1,OK,1,OK,1,OK
128,/data2/hrd/Dyn-HaMR/test/images/rgb/000129.jpg,4.266666666666667,1,0.030790075659751892,0.07233572006225586,0.8191738724708557,-2.9338480089938876,0.42986842698996447,1.5197789945519296,118.35542894568717,513.0981052005263,359.2623639704889,1.0,479.86222995306,314.74697930418097,1.0,443.56110208064365,284.766228222697,1.0,411.15982220753176,258.8697742245083,1.0,368.07654362609355,228.4538161634473,1.0,491.61496343197496,227.57428101348978,1.0,483.5975522009703,187.16720044744397,1.0,468.04516855422173,167.1381860771744,1.0,452.650795369821,145.6576598341453,1.0,503.234883604473,232.9922662120939,1.0,460.32529794544394,239.817222359457,1.0,443.80083648783693,264.23145184218333,1.0,454.5066775398143,286.01432577816104,1.0,507.1189967476612,263.59136051517515,1.0,469.0473591264183,252.24876277083445,1.0,447.4592402576627,274.5821417401262,1.0,458.86729270443664,294.63103025485907,1.0,504.4206640722887,289.94939996605126,1.0,484.23952363744274,269.65377147770675,1.0,459.287951491613,272.6657496117293,1.0,461.04380317671934,289.7550726217273,1.0,0.6299958343871646,-10.31129899589017,-4.860668832141882,11.355524958836748,-13.839204375391933,-30.18288922570154,32.27794627398026,1,OK,1,OK,0,thumb_chain_height_break,1,OK,1,OK,1,OK,1,OK
129,/data2/hrd/Dyn-HaMR/test/images/rgb/000130.jpg,4.3,1,0.030712880194187164,0.06984225660562515,0.8257158994674683,-2.9533466952487792,0.42913357039376104,1.512987137078121,118.6780711864919,511.4143590361212,354.537878833756,1.0,478.763687043546,310.4256422322578,1.0,442.58077692107264,280.9840242233804,1.0,410.3842861773943,255.51555735818351,1.0,367.53410169393226,225.68567789728,1.0,489.845122250031,224.02475541255626,1.0,482.32526293305637,183.6634732630167,1.0,466.8649987660353,163.61006618203345,1.0,451.72731571020785,142.043659185656,1.0,500.7406436817734,229.38506113641625,1.0,457.51847716105914,237.11902984370528,1.0,440.39884923760866,261.12224536635836,1.0,448.4221117368159,285.315106875111,1.0,504.173046489667,259.7412299435767,1.0,465.2973509340375,250.72089460828084,1.0,444.4836400336396,272.89443746234764,1.0,456.3881311912973,293.42130799637744,1.0,501.27238418214984,285.8773784199184,1.0,479.920759929663,266.677391594294,1.0,455.88619457741544,271.2526810495903,1.0,459.0972236073031,288.9633983462181,1.0,0.6320073629651589,-10.746466291162498,-5.124346680594225,11.854916678326589,-14.252929709516243,-29.913336390170507,32.16652752544683,1,OK,1,OK,0,thumb_chain_height_break,1,OK,1,OK,1,OK,1,OK
130,/data2/hrd/Dyn-HaMR/test/images/rgb/000131.jpg,4.333333333333333,1,0.029688209295272827,0.06798286736011505,0.8223608732223511,-2.9599204777887436,0.4324977345690923,1.5245822093809587,117.19717441573844,510.83786668673656,352.21298708270115,1.0,478.7614167265633,307.2344398811747,1.0,442.62712083303086,277.3168644588677,1.0,410.18474811104807,251.9751900904393,1.0,368.40333366158484,222.13434689087535,1.0,490.7558898684629,220.6820680577589,1.0,483.09555972583576,180.59438115139528,1.0,467.532438720262,160.67023072559823,1.0,451.7183466635445,139.70991908263204,1.0,501.4495401631939,226.39676486488815,1.0,458.0046385526675,233.9938180685417,1.0,440.51392520073887,257.71970739726765,1.0,450.85020169902555,280.22807585159626,1.0,504.3691738858479,257.04303655913657,1.0,465.50720696201495,247.1486120372008,1.0,443.9323694815007,268.70959742501464,1.0,457.63438711249984,288.3101470822412,1.0,500.9468189309973,283.3744599877682,1.0,480.39562132025094,263.24250348828616,1.0,455.7143789411683,265.7224680861525,1.0,458.5100006167147,282.56278047801834,1.0,0.6227746407772639,-2.9755007332912657,-6.922013702591289,7.523098556218966,-5.2736996260293045,-28.122961322420974,28.474406424343464,1,OK,1,OK,1,OK,1,OK,1,OK,1,OK,1,OK
131,/data2/hrd/Dyn-HaMR/test/images/rgb/000132.jpg,4.366666666666666,1,0.031120553612709045,0.06523896753787994,0.8356475234031677,-2.9019688460360924,0.45788789867991037,1.5796536966509067,114.20403226436383,509.35794267123765,346.3485069503604,1.0,478.4909257834154,300.6423715767017,1.0,443.356167767846,270.79147716906095,1.0,410.9532143264569,246.48495117203112,1.0,369.12843060720536,218.561984020178,1.0,494.8586622284054,217.63654102503446,1.0,484.0246415732693,179.15240754295579,1.0,468.24666159214274,159.51290612096696,1.0,451.1198199628529,139.06372581931888,1.0,506.9330591595678,224.48286584063044,1.0,470.0956848143596,220.83068366490852,1.0,445.89280767023024,240.2211471591849,1.0,445.3674952267965,259.678130699017,1.0,510.0029871038596,255.1395116438204,1.0,480.7204884501928,233.54027858422995,1.0,450.1989081416161,246.5266111532826,1.0,446.5937717648591,266.7399550006137,1.0,506.5085268308124,281.25007601044643,1.0,490.74644796353704,259.39785707497253,1.0,465.8481193658171,254.12622343607427,1.0,452.91888341153737,264.98711340317874,1.0,0.6041137519845494,-3.683983199241841,-6.0614210680401035,7.078949283002845,-6.148058713585462,-28.982886508220716,29.435823329055975,1,OK,1,OK,1,OK,1,OK,1,OK,1,OK,1,OK
132,/data2/hrd/Dyn-HaMR/test/images/rgb/000133.jpg,4.4,1,0.02899637073278427,0.06420654058456421,0.8234182000160217,-2.9235110447450006,0.4617901459760105,1.54785405117888,111.9936302823621,510.22206330943453,346.4083991137316,1.0,477.88789914421676,300.3331230357953,1.0,442.2386366790101,269.2042859167004,1.0,409.1418311160129,244.25168872210014,1.0,370.1511988621921,214.94134918692438,1.0,491.79844266307947,215.13242605485615,1.0,482.34741952903295,175.67920694680774,1.0,466.53048117014407,156.01109545155123,1.0,449.78215004182454,136.19184228021794,1.0,503.5303389463249,221.9335801781675,1.0,459.9427296744975,230.4012424190043,1.0,443.11640262738547,254.34892935533668,1.0,460.4891173610792,272.7723734884809,1.0,507.00175418434964,253.17139444597734,1.0,468.2660554821644,242.23391351916695,1.0,446.5683118383563,264.4581923823951,1.0,466.7710086092546,280.96994627918986,1.0,503.7620001532032,279.9394505627458,1.0,485.12595033636825,258.0779079283852,1.0,460.93316295150333,262.43477455267316,1.0,468.5381145035815,276.18666799768715,1.0,0.5903328944484693,-3.3843381667085026,-6.018343746742771,6.892523741015762,-5.807423846266753,-28.998256936056112,29.40227680372393,1,OK,1,OK,1,OK,1,OK,1,OK,1,OK,1,OK
133,/data2/hrd/Dyn-HaMR/test/images/rgb/000134.jpg,4.433333333333334,1,0.02852766215801239,0.06317508965730667,0.8204525113105774,-2.939959525006948,0.4637160261261296,1.5472392972520932,112.43997206631305,510.0198487577545,345.19130065916397,1.0,478.15349000408787,298.79677177044323,1.0,442.5996216640701,267.3976259995143,1.0,409.70379781616975,242.03776019164957,1.0,370.2001900516407,211.85466516139695,1.0,491.93932620783744,213.55224738278866,1.0,482.60993994207365,174.32742904212864,1.0,466.988889647022,154.49113683485848,1.0,451.1652547854776,133.8328373763543,1.0,503.14781807650434,220.5054632913625,1.0,459.46618343592354,228.71090809966427,1.0,442.7289831905473,252.41775410664445,1.0,459.1771418493847,270.7744837636001,1.0,506.10791016790427,251.844492369499,1.0,467.23799633898807,241.03515980192583,1.0,446.36660403263386,263.204995502324,1.0,466.8979305683565,279.4519271615163,1.0,502.5059335925707,278.64622541155404,1.0,483.59069326995177,256.77374567280594,1.0,459.7909812386084,261.5071465972669,1.0,468.48917950276837,274.8883879828536,1.0,0.5931156337814559,-2.716268787981681,-6.6392420401712045,7.164255321039706,-4.994729021705251,-28.41211693060777,28.72209929921726,1,OK,1,OK,1,OK,1,OK,1,OK,1,OK,1,OK
134,/data2/hrd/Dyn-HaMR/test/images/rgb/000135.jpg,4.466666666666667,1,0.02817694842815399,0.062057286500930786,0.823672890663147,-2.9320384237522212,0.4541071313325405,1.5595789403572553,110.47971488011652,508.7974855010777,343.1049439246205,1.0,477.3578123061355,296.6910491183653,1.0,442.10438519479567,265.1783342298974,1.0,409.4819638913674,239.67574610814256,1.0,370.1552083318135,209.83313230312342,1.0,492.21822452199905,211.4321797060144,1.0,482.4708889244692,172.194631288663,1.0,466.25145881949925,152.66932372307323,1.0,449.2671859072137,132.71593315726994,1.0,503.6063700211853,218.23199549035448,1.0,460.1760283559327,226.22210044906916,1.0,443.085000912399,249.88979027509794,1.0,458.5574938945716,268.5800588908757,1.0,506.4281070472786,249.38970990728035,1.0,468.1970548725665,237.19239702593137,1.0,445.26583164277895,258.43220480688973,1.0,463.14019507734065,276.1330033281968,1.0,502.67645416676896,275.9967351294749,1.0,486.1565163798553,252.75130099663096,1.0,460.7930748076946,253.40815196778135,1.0,463.8980861621296,266.57851710737805,1.0,0.5808943160134598,-2.3659966128940297,-6.935556441923627,7.320613140966408,-4.5532634054320855,-28.115911125873815,28.37833762833747,1,OK,1,OK,1,OK,1,OK,1,OK,1,OK,1,OK
135,/data2/hrd/Dyn-HaMR/test/images/rgb/000136.jpg,4.5,1,0.027416877448558807,0.06175993010401726,0.8181555271148682,-2.9479511662870714,0.4603888437954651,1.5571019343014187,111.05479742322073,508.8258752830813,343.3343576420957,1.0,477.56855688375043,296.43133969163074,1.0,442.19239377628736,264.65745886577315,1.0,409.54504553975676,238.96214619515825,1.0,371.32094058067014,209.1927447268075,1.0,492.30156374492617,211.03953340585636,1.0,483.22667914275854,171.84021815426604,1.0,467.38705529387306,152.06576973938232,1.0,450.87648730527934,131.7067265295797,1.0,503.2711120474869,218.1362564796661,1.0,459.48306797892195,225.85627924701322,1.0,442.01182591565004,249.47772027416346,1.0,456.56173176233295,269.2568074278873,1.0,505.6872183296843,249.6085597861732,1.0,467.2452616101748,237.32368218536135,1.0,444.5216451406086,258.4936365978153,1.0,462.4306200903372,276.3610379447312,1.0,501.63695598577095,276.4231430504066,1.0,484.01064954021876,253.7212709831536,1.0,458.7146664957782,255.2470270981674,1.0,462.7121209110662,269.12232498678895,1.0,0.5844796958052517,-2.2309624222357978,-6.752704189918098,7.105259387425035,-4.416800045255024,-28.28367807386861,28.528182978140777,1,OK,1,OK,1,OK,1,OK,1,OK,1,OK,1,OK
136,/data2/hrd/Dyn-HaMR/test/images/rgb/000137.jpg,4.533333333333333,1,0.028892189264297485,0.06125487759709358,0.8291727304458618,-2.9062280003838556,0.4736425773253847,1.5986278460055654,109.95011474511169,507.9671535915222,341.20185388891514,1.0,477.772351727956,294.0714829532444,1.0,443.03566249937967,262.7898420866095,1.0,410.54313570416343,237.74309226703247,1.0,372.38350770989564,209.2564313132916,1.0,495.80772383797876,211.34217495788062,1.0,485.40767244441304,172.89768805415406,1.0,469.6103220221039,153.18602760354042,1.0,452.00906800456255,133.4356038301812,1.0,507.7029319660169,219.05650545692833,1.0,468.6201203475217,218.18710379664708,1.0,445.55105872742615,238.45843440257897,1.0,451.0585595646628,256.6621034022646,1.0,510.12459650501023,250.37159364079332,1.0,479.8759187740998,228.49578235452054,1.0,448.81929513254886,241.06658840729233,1.0,448.9405174438459,262.2018329589191,1.0,505.99037866966137,276.8721987973936,1.0,492.3222507750452,253.34038176793388,1.0,467.6266240051425,246.8005117339659,1.0,455.2980296945375,256.66916279144016,1.0,0.5775924984838804,-2.5764622316341916,-6.707744012779503,7.177157883011475,-4.796598515135211,-28.321188529916594,28.608724101517197,1,OK,1,OK,1,OK,1,OK,1,OK,1,OK,1,OK
137,/data2/hrd/Dyn-HaMR/test/images/rgb/000138.jpg,4.566666666666666,1,0.028350383043289185,0.06179315969347954,0.8245061039924622,-2.925153873182892,0.47617621982224934,1.5893469567713607,109.13415243013846,508.46994095309947,342.6033304749999,1.0,478.2604190716095,295.1199039054227,1.0,443.4213999067547,263.4189358027859,1.0,410.67953926013433,238.18689479222917,1.0,372.9695210324535,209.70187036879543,1.0,495.52684930205123,211.86500407476478,1.0,484.97787241505466,173.03198013041765,1.0,468.80954801276243,153.27213177996418,1.0,450.9543465199222,133.35640409650296,1.0,506.9256773698726,219.68809010005998,1.0,465.3623650377773,222.28198139815822,1.0,446.03254340795047,244.48584507190475,1.0,460.31184727406037,259.8543338031425,1.0,509.0768241416208,251.2303010965648,1.0,475.36945711181875,231.99790057461928,1.0,447.1811718648314,248.48374921393088,1.0,457.75126462933,267.96344561559226,1.0,504.7301971197294,277.9500246340913,1.0,490.0793768868475,254.05432629408017,1.0,464.27373514310983,251.22509463958687,1.0,461.1702784091431,263.28782590281094,1.0,0.5725053421616294,-3.100703202244072,-6.1819817529496195,6.905292823993068,-5.407811030298816,-28.875323145215955,29.22849365710532,1,OK,1,OK,1,OK,1,OK,1,OK,1,OK,1,OK
138,/data2/hrd/Dyn-HaMR/test/images/rgb/000139.jpg,4.6,1,0.028365865349769592,0.06285642832517624,0.8296812176704407,-2.9332960499390883,0.4388437370023409,1.580818496973606,111.7087643577957,507.26172921059697,343.56009998619567,1.0,477.08584935994577,297.2146673498619,1.0,442.40815614469165,265.81794039962296,1.0,410.36895030883477,240.22373114156136,1.0,371.33263830252145,209.95023341216952,1.0,493.805769061945,212.47944055222192,1.0,484.2114741411095,173.4555448455988,1.0,468.435351542774,153.51614799632503,1.0,451.98889739487294,132.6623565906848,1.0,505.03130597620566,219.02208085809798,1.0,462.7930852862208,222.23170725268636,1.0,443.06405730015166,244.9554210720067,1.0,452.9864584332856,265.2174968492157,1.0,507.1259426271008,249.76788911317936,1.0,472.0638955740389,232.66306412078376,1.0,444.9119275340948,250.3599958475114,1.0,452.8263912415255,271.1831798842686,1.0,502.81447518647866,275.90429474197725,1.0,487.1302782267847,252.66343013909284,1.0,461.5344811864713,248.2582284811307,1.0,454.91097842293254,261.85816615560407,1.0,0.5885568841321113,-3.166697463789002,-6.607427251791354,7.315028910115168,-5.477477186897511,-28.416464340419324,28.78884333869677,1,OK,1,OK,1,OK,1,OK,1,OK,1,OK,1,OK
139,/data2/hrd/Dyn-HaMR/test/images/rgb/000140.jpg,4.633333333333334,1,0.028921708464622498,0.06295514106750488,0.8249464631080627,-2.9183883481994526,0.46989878322967077,1.5890195645738212,109.1030620211392,509.05289607579954,344.32832662330475,1.0,478.6288000956738,297.08791914826725,1.0,443.7949893656769,265.4988263033277,1.0,411.1497584495519,240.21586411137588,1.0,372.2903630172368,211.21196285729334,1.0,495.98093565712287,213.6466105815004,1.0,485.2951499076468,174.84483460149687,1.0,469.309542240678,154.89213663358046,1.0,450.682360300639,135.32933701772708,1.0,507.6917340969764,221.25913447221927,1.0,467.50931892784894,221.65462241112738,1.0,446.3679382482733,243.55220604788457,1.0,455.91068692895897,261.0667016739887,1.0,510.0960107824212,252.7160285995272,1.0,479.18778180516045,230.62770743845857,1.0,448.44773163272475,244.42013687507279,1.0,450.16462728607195,265.9227248688209,1.0,505.9216090865957,279.3970631761379,1.0,492.3459367668426,255.20367131941265,1.0,466.84594581814326,250.13772270974624,1.0,457.668282515316,261.4885192202916,1.0,0.5723115075104456,-3.40439371444275,-6.072563859262447,6.949357681789919,-5.776089644724844,-28.96979137674602,29.370171616321734,1,OK,1,OK,1,OK,1,OK,1,OK,1,OK,1,OK
140,/data2/hrd/Dyn-HaMR/test/images/rgb/000141.jpg,4.666666666666667,1,0.029552586376667023,0.06400758028030396,0.834411084651947,-2.924238501572481,0.4329146052117583,1.5812871950030298,111.70706493246647,508.0533158725818,344.7083018538142,1.0,477.7050821506823,298.7722160537505,1.0,443.0912669401723,267.61645168902106,1.0,411.11190489309536,242.14656917942733,1.0,371.7148731133214,211.39543092848726,1.0,494.50572830811234,214.06814840121083,1.0,484.72111928762024,174.84917860243027,1.0,469.1541930883497,154.6547096195233,1.0,452.11936475849006,133.84811582919912,1.0,506.03725009297096,220.35124062903225,1.0,464.89004571129425,221.79457953122375,1.0,444.4468516667691,244.29942826466532,1.0,452.8267191293432,264.44006382403177,1.0,508.40310457626157,250.87326715159753,1.0,474.78485134297216,232.19372596435124,1.0,446.98260823156943,249.38183540790294,1.0,453.31002882586216,270.56914310192224,1.0,504.28717403866904,276.8518144255959,1.0,488.42369374717265,253.77936804163386,1.0,462.71725083467385,250.92908576738148,1.0,457.867859360022,265.6595218573693,1.0,0.5885462889831085,-3.2169499747826085,-6.538727559642331,7.27498541183937,-5.538481358486425,-28.51133653646205,28.88985425919162,1,OK,1,OK,1,OK,1,OK,1,OK,1,OK,1,OK
141,/data2/hrd/Dyn-HaMR/test/images/rgb/000142.jpg,4.7,1,0.029079467058181763,0.06424569338560104,0.8280739188194275,-2.9406688884821315,0.43782155365178066,1.5771282093470478,110.25395690144906,508.89912985255677,345.8730087190003,1.0,478.6788151930347,299.38465762408305,1.0,443.89028462342804,267.789817551314,1.0,411.64200604848884,242.10773534777178,1.0,372.75433337580273,211.29494331761757,1.0,495.1354492307719,214.23494143301045,1.0,485.08843901827214,174.81941156682416,1.0,469.0790839802383,154.67400178283302,1.0,451.4981270946076,134.124029346116,1.0,506.2296168923397,220.75370526984625,1.0,463.8803231466479,224.33776266766262,1.0,444.582136053106,247.3341222196779,1.0,456.7993763253758,266.1026276141435,1.0,508.24294896459895,251.58980269757495,1.0,472.802486686279,234.60770346027022,1.0,446.0092885872844,252.71257644463594,1.0,457.1121677714264,272.7304533566533,1.0,503.8341949774719,277.8269517036039,1.0,487.8824549914816,254.3919392461047,1.0,462.0933204826101,251.66420062450857,1.0,460.0132062178413,266.4041045492111,1.0,0.5794868170304774,-3.349170243391877,-6.130801883828786,6.973783536353059,-5.703726314781119,-28.90997531552641,29.30183910218958,1,OK,1,OK,1,OK,1,OK,1,OK,1,OK,1,OK
142,/data2/hrd/Dyn-HaMR/test/images/rgb/000143.jpg,4.733333333333333,1,0.02849745750427246,0.06436219066381454,0.8153949975967407,-2.963507594756079,0.4497776173511098,1.553320635360586,110.98216288887656,511.03016715488593,347.6770936200119,1.0,480.02153485998065,300.7438897866359,1.0,444.51965641092147,268.76048449196014,1.0,411.94074963404455,242.48164729211794,1.0,373.5500959585115,210.80532565218073,1.0,494.48247713598676,214.59670419381746,1.0,484.73595759408363,174.8881122293933,1.0,468.8464999669379,154.56930704115803,1.0,452.8258768358405,133.13685685188284,1.0,505.01946281153323,221.4402128218885,1.0,461.0074367537719,228.6332159686658,1.0,444.18489480744256,252.72102631571516,1.0,460.45892504282676,271.8949704838219,1.0,507.03410182033167,252.87591734150135,1.0,468.7707042614611,239.86631103721288,1.0,445.8983313513522,260.85152881762906,1.0,464.0372616257205,278.8279950986357,1.0,502.6926331365921,279.65114781615694,1.0,485.063257571604,256.8668847537631,1.0,459.5490752997885,256.65903281139913,1.0,463.1463002595287,271.81154099392006,1.0,0.5840268523052246,-3.1996832301663782,-6.5578742943207615,7.284658786509124,-5.495264180108434,-28.473913166065913,28.847413416639775,1,OK,1,OK,1,OK,1,OK,1,OK,1,OK,1,OK
143,/data2/hrd/Dyn-HaMR/test/images/rgb/000144.jpg,4.766666666666667,1,0.02972530573606491,0.0644693523645401,0.8248486518859863,-2.9437821304265044,0.4552646535310002,1.571750587128192,108.93911204375007,510.4643876503769,346.597033420936,1.0,480.0986346337954,299.82890496287837,1.0,445.2600143205432,268.0956833457981,1.0,413.171735648466,242.03044561476395,1.0,374.70816377325355,211.64363686921297,1.0,495.89218288617803,215.26462343990715,1.0,485.61520140596895,176.3553044235996,1.0,469.4300471769411,156.50707141346902,1.0,452.6866899717395,135.57077978606685,1.0,506.7894138954762,222.28834027943367,1.0,464.02474890781366,226.59651073555096,1.0,445.9053530055314,249.5680728864873,1.0,458.78503874682866,268.14327393406256,1.0,508.8300413475672,253.43622337770006,1.0,472.99133218550924,237.11941470398256,1.0,446.60148164606244,255.0501568725216,1.0,456.99117933766445,274.86330965450543,1.0,504.5061734610872,279.91067937769185,1.0,490.0468982350767,256.2090635106455,1.0,464.6402029948972,250.47968210776617,1.0,457.6493874026781,261.58154915130353,1.0,0.5712893534860464,-3.0208548863728275,-5.9061260762100884,6.624155377821651,-5.317846780861291,-29.126841754336343,29.463308999990463,1,OK,1,OK,1,OK,1,OK,1,OK,1,OK,1,OK
144,/data2/hrd/Dyn-HaMR/test/images/rgb/000145.jpg,4.8,1,0.029822133481502533,0.0651046633720398,0.8262454271316528,-2.9323156319475716,0.46816104086061155,1.5744913958582278,106.28913578074456,510.61300861616957,347.40622542440906,1.0,479.92081320130666,300.4541499472919,1.0,445.4212944774322,268.34815067931504,1.0,413.2872711285763,242.38509162857258,1.0,375.6647949861011,212.19121035582066,1.0,495.98020436710493,216.49978680352555,1.0,485.55128500070197,177.03364726068202,1.0,469.03246106737197,156.97837354130388,1.0,450.7164447193292,136.92747235843976,1.0,507.2314994057906,223.8720026945836,1.0,464.6711662019979,228.42580769598015,1.0,446.9707353934082,251.59606759814517,1.0,463.3843744662745,268.1363287733807,1.0,509.59817954216487,255.21857685890842,1.0,474.48431198004556,237.77511434248828,1.0,447.0118760183962,255.02815896669182,1.0,458.9960610222961,275.3149906705582,1.0,505.4629660699496,281.8710359703903,1.0,492.3361959361503,257.58045775290276,1.0,467.12974019009374,251.1325261885043,1.0,459.46290440818143,261.52238785118743,1.0,0.5547679489398011,-2.7648736222115398,-5.911867477347737,6.518194874348925,-5.013045325819979,-29.14593216016519,29.444737719003538,1,OK,1,OK,1,OK,1,OK,1,OK,1,OK,1,OK
145,/data2/hrd/Dyn-HaMR/test/images/rgb/000146.jpg,4.833333333333333,1,0.02917594462633133,0.06563933938741684,0.8228433132171631,-2.9432567805728755,0.4567230796543316,1.5627816609464749,108.34895476385579,510.29530518237607,348.632234228995,1.0,479.3343608914529,302.0080067507488,1.0,444.514125933199,270.095780506334,1.0,412.71161816066524,243.73976047979318,1.0,374.88037993016405,212.80161953356674,1.0,494.52781725960676,217.04212870658785,1.0,485.35251822371947,177.5143390402136,1.0,469.35539602330437,157.5209574860546,1.0,452.3314874378116,137.03340756932084,1.0,505.5552922522247,223.9715896877383,1.0,462.1562868976804,230.5547744328337,1.0,444.8664573006795,254.10761998535327,1.0,460.5225762930152,272.72497929243036,1.0,507.9226193428758,255.18205364123793,1.0,470.3784855298426,241.7755465451919,1.0,446.3114479617832,261.69485358747556,1.0,462.21914030172536,280.2852822092209,1.0,503.86008474979917,281.7697044721476,1.0,488.1686766234884,258.54311787207087,1.0,462.5342128294544,254.70711700875944,1.0,459.489223901337,268.34133483789606,1.0,0.5676099895222398,-2.3314052157412015,-6.060327505338965,6.487097923363415,-4.5479306123472405,-28.975772521131834,29.22440194387309,1,OK,1,OK,1,OK,1,OK,1,OK,1,OK,1,OK
146,/data2/hrd/Dyn-HaMR/test/images/rgb/000147.jpg,4.866666666666666,1,0.029130488634109497,0.06665927171707153,0.8243457674980164,-2.966519995271986,0.4526715515717839,1.5528243697616022,109.4771607566883,509.79691610616584,349.96465072736527,1.0,479.23628291614733,303.56964020013794,1.0,444.40494894776685,271.75672007325767,1.0,412.5552129072639,245.5185676802571,1.0,374.1942786237245,214.61359146483937,1.0,493.4882356527746,218.56810491908936,1.0,484.5171240128673,179.27860576582742,1.0,468.76855791444774,159.3665076994342,1.0,452.80739087448336,138.42154916647755,1.0,503.78845699411585,225.35873990884846,1.0,460.25657505055204,232.79386414904712,1.0,442.9424416266329,256.2558328335107,1.0,457.9346791773578,275.7133200717306,1.0,505.70191921233953,256.41023631565116,1.0,467.63850769331367,244.29510982940906,1.0,444.6127329228252,264.553887218445,1.0,461.1549238882934,282.42056073642544,1.0,501.39393041337917,282.85302547950715,1.0,485.2115596521912,259.86454768700395,1.0,459.78448994141667,256.5581117069709,1.0,457.89597957797827,270.10915103289125,1.0,0.5746438440813535,-3.3023690572728426,-6.070174566809227,6.898593405910865,-5.656996791995563,-28.93154046159151,29.316545313923225,1,OK,1,OK,1,OK,1,OK,1,OK,1,OK,1,OK
147,/data2/hrd/Dyn-HaMR/test/images/rgb/000148.jpg,4.9,1,0.02935197204351425,0.06731601804494858,0.825947642326355,-2.9688767184878366,0.46093283681068065,1.55638413766337,105.00203910539479,509.83853624555195,350.7464765325203,1.0,479.58093203034696,304.1283207700071,1.0,445.18055629486935,271.9041064204448,1.0,413.4299589855109,245.56359903359544,1.0,375.78018437183346,214.40171833441855,1.0,493.99172318346245,219.7593708646018,1.0,484.1265097342948,180.87608479439223,1.0,467.8433176823628,161.2719001198784,1.0,450.79623474812433,140.9304967423377,1.0,504.11839625614084,226.86413212599473,1.0,460.91514734112513,233.29357266378975,1.0,444.06879220603514,256.71632866479695,1.0,460.6575331739743,274.23428178271934,1.0,505.83581131781466,257.98807495198116,1.0,468.60692770105607,244.30137822806455,1.0,444.6903179433175,264.0474021421678,1.0,461.02246602208925,281.5401559275215,1.0,501.36728265371494,284.4462169495164,1.0,486.3948639522878,260.93996346699896,1.0,461.10712686820045,255.51717134481623,1.0,456.51831534416397,267.363147131844,1.0,0.5467434827736539,-2.46239611741805,-5.50040741885979,6.02027954679587,-4.745481373060906,-29.50072791723665,29.762957032470563,1,OK,1,OK,1,OK,1,OK,1,OK,1,OK,1,OK
148,/data2/hrd/Dyn-HaMR/test/images/rgb/000149.jpg,4.933333333333334,1,0.029910296201705933,0.06776789575815201,0.8313552141189575,-2.964895378378045,0.46843087110308707,1.5541355897367346,107.29347078397757,509.2207074670793,350.6596218931766,1.0,478.9849582908919,304.50684238934326,1.0,444.72194410876006,272.8710636546096,1.0,413.4028982133241,246.754192505587,1.0,374.8285972616953,216.21946656292798,1.0,493.07914117477793,221.11184440414945,1.0,483.98941357239937,182.52545473175815,1.0,468.1918495385972,163.05040331036253,1.0,452.53531565547434,142.23599010134117,1.0,503.2062632053033,228.2820474027926,1.0,460.59259291646697,234.30852536249554,1.0,443.3059691362546,256.90096685888267,1.0,456.84071982153716,275.2516816582859,1.0,505.0604879305165,259.20158675435044,1.0,468.1145409262123,246.2488882572673,1.0,444.6187416480629,265.3353459971724,1.0,458.61516500147195,283.3701808112293,1.0,500.799258695148,285.46300696817525,1.0,484.18573708758805,263.1644801373875,1.0,459.05489451182694,260.1739467382096,1.0,457.46728446476965,274.40967128135753,1.0,0.5610295238527582,-2.510428406416118,-5.836246395971897,6.346443936967944,-4.7778431394938945,-29.169349517366417,29.44049274702649,1,OK,1,OK,1,OK,1,OK,1,OK,1,OK,1,OK
149,/data2/hrd/Dyn-HaMR/test/images/rgb/000150.jpg,4.966666666666667,1,0.033652909100055695,0.06794280558824539,0.8569005131721497,-2.91893959538669,0.47699564444272163,1.587948469864404,104.56518770934339,508.0934512847307,347.6484507075438,1.0,479.0171791544635,302.42731990175525,1.0,445.85411198543807,271.98239159716286,1.0,415.1989731006579,246.8780397303981,1.0,375.4219364425153,217.50785654827996,1.0,495.3124997382456,222.94839135963775,1.0,484.52299476836197,186.00388864066917,1.0,469.084553246571,166.92040537702997,1.0,452.557977558713,146.9110461273376,1.0,506.3285396422034,230.40533378737746,1.0,471.876608561126,225.81536198123104,1.0,446.60894255022686,242.8022134280891,1.0,443.4340270409393,260.74329432828586,1.0,508.5280474914907,260.5503745116257,1.0,483.0040739652086,237.23384154444466,1.0,452.3107594336061,247.66683869853205,1.0,448.35191152829157,267.54981139892334,1.0,504.5713987326926,286.07070978984666,1.0,491.3110893145167,264.08405357127367,1.0,468.52125453380313,256.0088698492252,1.0,452.5196607013495,262.8091819625529,1.0,0.5440199117207678,-2.817784844183483,-3.829329293714576,4.749372877902483,-5.262402139186324,-31.1849464317356,31.47622810714364,1,OK,1,OK,1,OK,1,OK,1,OK,1,OK,1,OK
150,/data2/hrd/Dyn-HaMR/test/images/rgb/000151.jpg,5.0,1,0.03174920380115509,0.06967499852180481,0.8540219664573669,-2.9462877272703154,0.47373613266562564,1.5772769111964056,102.37537817109484,506.70251334623845,350.56546402572894,1.0,477.7330180212566,305.04470375125766,1.0,444.5696459306457,274.04363563750553,1.0,414.26862560882546,248.14547685261505,1.0,376.3438306427106,217.50796346366133,1.0,493.3351836482834,224.64297846827048,1.0,483.54327190922004,187.29294455394484,1.0,467.909417406323,168.22429697646476,1.0,451.6108109469136,148.11344111815197,1.0,503.6572555379289,232.04923805836597,1.0,463.34427311844155,235.82960782627197,1.0,445.1589698323039,257.4992248316939,1.0,455.3784906404886,275.0612114479495,1.0,505.3644699449742,262.3718556449993,1.0,472.3206230736946,245.33130174870212,1.0,446.1822549999588,262.17620506621364,1.0,453.72844856236077,281.6546946370768,1.0,501.01910701516863,288.0365020268091,1.0,488.4369049643078,264.8900488544284,1.0,464.705645155787,257.09117135940596,1.0,454.60760416772723,267.17077034122053,1.0,0.5303674387663126,-2.1006746761227646,-4.371646617137938,4.846647640474875,-4.417918121765059,-30.619738982347403,30.832336846024,1,OK,1,OK,1,OK,1,OK,1,OK,1,OK,1,OK
151,/data2/hrd/Dyn-HaMR/test/images/rgb/000152.jpg,5.033333333333333,1,0.031136348843574524,0.0711277425289154,0.8597972989082336,-2.96421500291139,0.4732329847654025,1.5717779053334644,101.98228221000079,504.70344052618475,351.9495489616256,1.0,476.2069565476286,306.63245174839267,1.0,443.1573798628242,276.0039248181374,1.0,413.1501848285943,250.39413357628746,1.0,375.4397106632623,219.7058905744807,1.0,491.3055306845731,226.68203570840933,1.0,481.856200834477,189.9106352260951,1.0,466.480197145537,171.068430861018,1.0,450.79845952586675,150.99311989374655,1.0,501.0959491127214,234.07168477161395,1.0,460.0162367317034,238.3716080913423,1.0,442.9591530670061,260.08126513493426,1.0,455.3360847017635,278.0062328042352,1.0,502.4392047827687,264.24773235771,1.0,468.1894009291095,248.7877473176643,1.0,443.3490943911106,265.97855744226445,1.0,453.67234609866057,284.64166473347177,1.0,497.8871594397924,289.7713002364503,1.0,484.8304875073245,266.8490012149466,1.0,461.4314165017876,258.2474150216962,1.0,451.57962273932617,268.1388137421013,1.0,0.5279166630784716,-2.2046366691506725,-3.926901675382401,4.500069851976717,-4.54410469428251,-31.09261222370629,31.31118875903741,1,OK,1,OK,1,OK,1,OK,1,OK,1,OK,1,OK
152,/data2/hrd/Dyn-HaMR/test/images/rgb/000153.jpg,5.066666666666666,1,0.031123176217079163,0.07267001271247864,0.8654556274414062,-2.9753372597450256,0.4577178046742688,1.5601977194151873,102.39256759230642,503.40220736440097,353.4243378091087,1.0,474.90764142272155,308.9294071832983,1.0,441.8993514513154,278.6701560908591,1.0,412.1626362646457,253.09742266632088,1.0,374.50475637548334,222.43536393012346,1.0,489.08523804121796,228.6086252376931,1.0,480.63353283069,191.91036125589017,1.0,465.55173518748586,173.28895447839204,1.0,450.24024712039613,153.52692221379766,1.0,498.59154656669034,235.39828541221505,1.0,457.4661558432219,240.5486867694599,1.0,440.0762031771851,262.2836066351367,1.0,450.47524023936535,282.31934667293535,1.0,499.9113392402278,265.0983746897931,1.0,464.86806166303666,251.54359750698154,1.0,441.68532440402123,269.6965975297069,1.0,452.5493999377318,288.7243187676204,1.0,495.42987023868136,290.2709280550839,1.0,479.999731335517,268.636950890634,1.0,455.8734599267578,263.1208787670882,1.0,449.69272160676974,276.02669484175226,1.0,0.530474607040126,-1.3798358967945337,-4.909850097349249,5.098235444530286,-3.5434764455674554,-30.105382181408064,30.246575464767936,1,OK,1,OK,1,OK,1,OK,1,OK,1,OK,1,OK
153,/data2/hrd/Dyn-HaMR/test/images/rgb/000154.jpg,5.1,1,0.03084103763103485,0.07446928322315216,0.8703024983406067,-2.986930280478255,0.4608630335227348,1.5584611285750793,101.51215032661243,502.1051267122921,355.36947880221913,1.0,474.0542368641058,310.94813311808804,1.0,441.2889174648741,280.7458512250076,1.0,411.53728935993786,255.63290332055277,1.0,375.42844456675084,225.12151043948234,1.0,487.95559752031096,231.18408085978686,1.0,479.9270351958874,194.92808947679623,1.0,465.16442017389085,176.52153882412858,1.0,450.52051226127173,156.81413138498888,1.0,497.05442019122165,238.05601703328193,1.0,455.648619019255,244.55940435929824,1.0,437.7124539411352,265.87450892229316,1.0,446.9842918817852,287.1350719989943,1.0,498.084025787668,267.62643395418365,1.0,461.9149149643095,256.3610776003818,1.0,440.8643148517622,275.6402493854386,1.0,455.30252153184693,293.49643053247974,1.0,493.43388410166637,292.6750895303994,1.0,476.74421359540264,271.4863282320005,1.0,452.91614374234956,270.43980414991876,1.0,454.1719108503883,284.43413068458693,1.0,0.5249856032256041,-1.691915521413703,-4.85026271691687,5.1342361689410305,-3.9250587015826293,-30.1585946450232,30.331214736400593,1,OK,1,OK,1,OK,1,OK,1,OK,1,OK,1,OK
154,/data2/hrd/Dyn-HaMR/test/images/rgb/000155.jpg,5.133333333333334,1,0.03343239426612854,0.0758034884929657,0.8871830701828003,-2.9508414095204882,0.4639884447051198,1.5641884932942143,100.89685763154583,501.7403790819644,355.0394501738883,1.0,473.36145099623127,311.91676616375844,1.0,441.34457501959696,282.6039860942533,1.0,412.7946575435053,257.42793919235373,1.0,375.5576557916029,226.91564250569536,1.0,487.6648604864431,234.05474517589937,1.0,479.9821458370916,198.74503773834658,1.0,465.9804339683317,180.7765730267347,1.0,452.252836595351,161.35631730019304,1.0,497.664825576976,240.74878744124726,1.0,458.5692528008664,242.98556052732238,1.0,439.00986209588245,263.04179596939844,1.0,441.79045707074056,284.2721779502549,1.0,499.5245369852564,269.7561892237992,1.0,467.2293688113118,254.29229406390596,1.0,441.8920093532497,270.13214187901974,1.0,443.1348563170159,290.0460053611496,1.0,495.61501200624116,294.3301410730728,1.0,480.57281555823647,273.84087104911464,1.0,457.1787787644404,267.938754330642,1.0,446.86395796691204,278.9472982707516,1.0,0.5211495313062219,-2.182120197064651,-3.360886706525251,4.004424330920305,-4.590763273732364,-31.628393167852117,31.844399995709665,1,OK,1,OK,1,OK,1,OK,1,OK,1,OK,1,OK
155,/data2/hrd/Dyn-HaMR/test/images/rgb/000156.jpg,5.166666666666667,1,0.034178346395492554,0.0778249204158783,0.8953555822372437,-3.0028906495925805,0.479251704134198,1.5360239735956187,98.67146142640424,500.79298302807183,356.7418766726114,1.0,473.28499230408033,314.19967271297537,1.0,441.17763288287733,285.75871254473714,1.0,413.1898682361443,260.58761439995806,1.0,376.1118712213647,230.69921272076863,1.0,484.9143165488558,237.9677059265514,1.0,477.6612111407212,202.88834458811834,1.0,463.33040877725716,185.1215474898454,1.0,450.04957336017674,165.35953486378276,1.0,493.2314690253079,244.9399687163659,1.0,453.45819877243366,250.4601152818268,1.0,437.42763425164503,270.6645774499037,1.0,443.173065638905,291.3023982300083,1.0,494.3157269323274,273.6950705822005,1.0,459.85774290148277,262.51120872505,1.0,440.2409102705724,280.8155021693442,1.0,449.67612596124036,299.03797999499875,1.0,490.16445511322127,298.00025486462346,1.0,473.5074072250618,278.59922867934574,1.0,450.5636305879334,277.8802788110079,1.0,448.88063423998665,291.3699897053493,1.0,0.5072751915643542,-1.684464509646294,-2.346676673108487,2.8875549427024856,-4.051271111086421,-32.67775178242551,32.83571849379576,1,OK,1,OK,1,OK,1,OK,1,OK,1,OK,1,OK
156,/data2/hrd/Dyn-HaMR/test/images/rgb/000157.jpg,5.2,1,0.03767586499452591,0.0811145156621933,0.9201520085334778,-2.977329534740052,0.44234491003923554,1.5202096645847138,98.30923659518506,500.65183651052575,357.9384118601138,1.0,472.3261169994016,318.22434332860666,1.0,440.5670220477368,290.52627804066105,1.0,412.70039126146185,266.1825757426907,1.0,376.448277498268,235.741531434619,1.0,482.6582602235767,241.71482808594646,1.0,476.40678794622727,206.58082098158957,1.0,462.9102459364067,188.88744321441663,1.0,449.44928558367945,169.89657097110467,1.0,491.31393692847905,246.83061356527332,1.0,453.2706926004307,252.77261305079492,1.0,437.4916088166931,274.06386025334086,1.0,444.8294203940891,295.84868750670466,1.0,493.25660272434743,273.9060452754279,1.0,458.9356954447602,265.445055308478,1.0,442.0549744527291,286.0870941368762,1.0,452.9323281133308,305.6376536383232,1.0,489.9509516618964,296.96228311478535,1.0,469.17037431775,281.6517365707864,1.0,449.8459509362841,288.72782577424914,1.0,454.50385009768166,305.4622094880642,1.0,0.5050168834214428,-2.5209122499742502,-1.9771240425737504,3.2021779499476732,-5.0830141612424695,-33.00585304099111,33.24944237788473,1,OK,1,OK,1,OK,1,OK,1,OK,1,OK,1,OK
157,/data2/hrd/Dyn-HaMR/test/images/rgb/000158.jpg,5.233333333333333,1,0.040131717920303345,0.08334111422300339,0.9411735534667969,-2.9763873577657605,0.45839983497130704,1.526059127537251,93.76904882567052,500.157890990227,358.3610886571496,1.0,472.53442170936125,318.9148534061029,1.0,441.7967553353392,291.5034577786972,1.0,414.91447871846265,267.3180621174389,1.0,379.6076732474594,236.7555702961578,1.0,483.1081658837053,244.82366131567187,1.0,477.1516540364669,210.8775798436321,1.0,463.9404133405468,193.6610915110899,1.0,450.4261908451676,175.29524095328756,1.0,491.66972440027985,250.492183645504,1.0,454.56932013037937,254.70118708802556,1.0,438.4043795423821,274.6088750454137,1.0,443.59092512112454,295.26739076155263,1.0,493.48733678194003,277.50188718823756,1.0,461.3156308835636,265.99781549357726,1.0,442.1620467250059,284.4533341378973,1.0,449.1164391670426,304.0047907687209,1.0,490.1029705350833,300.43831812987673,1.0,472.62959607793607,282.8596214222704,1.0,451.9985646392605,287.2181627579133,1.0,454.4427167649101,302.46244215497916,1.0,0.4767108642682786,-1.6311828916278168,-0.6332610490416771,1.7496696874292728,-4.107135469567884,-34.351303005685814,34.497950416664104,1,OK,1,OK,1,OK,1,OK,1,OK,1,OK,1,OK
158,/data2/hrd/Dyn-HaMR/test/images/rgb/000159.jpg,5.266666666666667,1,0.041870273649692535,0.0821770429611206,0.9589018821716309,-2.9351546820414613,0.47449902504911196,1.5704012947815658,92.55158343792688,497.928190077501,354.67192422503047,1.0,471.54514944534947,315.1988195754311,1.0,441.80086384296555,288.47534487068754,1.0,415.27500285310816,265.6934110402548,1.0,380.02771137051604,238.00566994008355,1.0,485.1120254718493,244.4588710426906,1.0,477.409438952492,212.6747906870563,1.0,464.45192802531255,196.4891195890717,1.0,451.27269050946575,178.9298834928583,1.0,494.45369287737174,250.7823387524004,1.0,473.1279128628072,231.84268370839104,1.0,449.37720357939736,227.24209570500656,1.0,419.96203001322885,227.80801998396296,1.0,496.22842879405164,277.4535767310418,1.0,472.13558151049745,258.1620703779972,1.0,446.958355278825,269.64345607449275,1.0,440.4929066563485,286.8306245897802,1.0,492.82402615679166,299.95478354657337,1.0,474.7621154995328,285.1775608452923,1.0,452.7714285158098,282.9865480983327,1.0,438.89188667715825,290.14950945672297,1.0,0.4691205177158339,-2.7806144904017214,0.7617025919300587,2.882739675095263,-5.589686576566734,-35.766066383857556,36.01494011160508,1,OK,1,OK,1,OK,1,OK,1,OK,1,OK,1,OK
159,/data2/hrd/Dyn-HaMR/test/images/rgb/000160.jpg,5.3,1,0.04063548892736435,0.08631874620914459,0.946427583694458,-2.977015123622018,0.49344163181782064,1.5424527598371993,90.65819213050601,499.61219366812236,361.67392151804654,1.0,472.9013653870783,321.4080595911706,1.0,442.8140284936377,294.13845299080083,1.0,416.42493603553066,270.2040264363817,1.0,381.8362503737493,240.62385135030976,1.0,484.49062540205216,249.81813966076712,1.0,477.63274873686214,217.0103437842396,1.0,464.2258531657966,200.43438566879436,1.0,451.164449614723,182.20717059578905,1.0,493.03523376113117,256.71164336884624,1.0,456.94023893807037,259.22367717031466,1.0,439.70013084143466,277.6022419013585,1.0,442.9164727871505,295.99109911084713,1.0,494.53672260109545,284.14207844416467,1.0,463.9024419706965,271.0779224959663,1.0,443.26234557354326,287.4889239940692,1.0,448.68062380414403,305.4494235357405,1.0,490.8743808109981,307.30432524341734,1.0,474.3130114882184,289.80101418549384,1.0,453.10612775846533,292.2515524000811,1.0,454.1062722443878,305.6599710367494,1.0,0.45731607848709677,-2.3207958758967813,1.0916197450227043,2.5642002430635884,-5.056984844006719,-36.096957907210694,36.29658987231747,1,OK,1,OK,1,OK,1,OK,1,OK,1,OK,1,OK
160,/data2/hrd/Dyn-HaMR/test/images/rgb/000161.jpg,5.333333333333333,1,0.04241861402988434,0.08719369024038315,0.9593608379364014,-2.9488913133739563,0.4970775865479285,1.558800183085535,90.08682218512759,498.8109895825637,361.13897203201304,1.0,472.47269504751137,321.5193259543594,1.0,443.0385763351852,294.9085516877452,1.0,417.36494622850716,271.5461213000814,1.0,383.5789881127299,243.4864734099574,1.0,485.08745083022666,251.65185665291878,1.0,478.41264920078356,219.26470521034693,1.0,465.3143535188848,202.93904359696475,1.0,452.23344653281833,185.1580852061064,1.0,494.1323130416082,258.50890509594365,1.0,461.23717487335955,256.38357768817286,1.0,439.2772231946715,271.4657992093305,1.0,432.14643222640416,289.9950581696328,1.0,495.92698002725103,285.42185286862957,1.0,468.23503689379197,270.3356382434996,1.0,444.93300939138555,284.14342876001274,1.0,444.31441500574795,301.303225226452,1.0,492.5797014989548,308.12095433739466,1.0,476.25120822065,292.0476697825367,1.0,454.3392113781017,289.53912968833527,1.0,445.8313389787262,299.69987282588136,1.0,0.4537538450645013,-3.0851162552360014,2.0164351488159924,3.6835127426340604,-6.084839582082739,-37.01718051323589,37.29008257070354,1,OK,1,OK,1,OK,1,OK,1,OK,1,OK,1,OK
161,/data2/hrd/Dyn-HaMR/test/images/rgb/000162.jpg,5.366666666666666,1,0.043812453746795654,0.08833053708076477,0.9736785292625427,-2.9394425220561136,0.5006380012963769,1.5663118895696901,89.96753481321733,498.2428141003462,360.8850498158912,1.0,472.28465618346036,321.4941007512531,1.0,443.1984298088038,295.3722693734727,1.0,417.43806426391075,273.0093497374547,1.0,383.7811215608641,245.6595796880662,1.0,485.21579029043085,252.77046772414087,1.0,477.80810672496864,221.69484867078972,1.0,465.28586695096783,205.76899746344557,1.0,453.11515459965926,188.32765853638375,1.0,494.38990835130244,259.76510086956876,1.0,462.8622751103295,256.0959764961384,1.0,439.4041362615459,269.38063617930186,1.0,428.6243495300961,287.39786555823474,1.0,496.26348034392834,286.4896641700723,1.0,469.6996593977384,270.5029123854623,1.0,445.8289720369153,283.56028267210525,1.0,444.848636494933,300.6078621392918,1.0,492.94937824355327,309.03446948603994,1.0,476.50618085702945,292.7776695351455,1.0,454.73548421941587,291.8511979286677,1.0,447.9084734494926,302.6328027225303,1.0,0.45301014220342256,-3.343707814563687,3.088268409793401,4.546933715037644,-6.492888894480838,-38.0934360415323,38.3839231501934,1,OK,1,OK,1,OK,1,OK,1,OK,1,OK,1,OK
162,/data2/hrd/Dyn-HaMR/test/images/rgb/000163.jpg,5.4,1,0.04552073776721954,0.0874868854880333,0.9889666438102722,-2.9260281903374423,0.4963324825843935,1.5681577466261434,91.03442667219694,496.57106793299647,357.9156924427771,1.0,470.95914883138016,319.578404061716,1.0,441.97534924262857,294.60248031212234,1.0,416.61703730431384,273.0394546264498,1.0,382.8642293885247,247.91605042409205,1.0,483.7593068318232,252.45664242376156,1.0,475.8102974760442,222.70537893171908,1.0,463.8390218835016,207.30529853781445,1.0,453.0706583675968,189.9650006532544,1.0,493.061414444324,259.1546561352875,1.0,474.45959731931055,239.7745908477406,1.0,455.4851240624954,230.93425590404453,1.0,431.21878410002626,222.52878241714097,1.0,495.19725864931445,285.1842055183497,1.0,472.2764868152261,266.76413120532163,1.0,446.64911129404516,276.46752148175085,1.0,436.5550653162668,291.2350324449617,1.0,492.30576127335917,307.17990174300314,1.0,475.22956179013045,292.64980852107817,1.0,454.2608442453277,289.5328872744212,1.0,437.4312724477362,293.82244481007365,1.0,0.45966173084418516,-2.578266841755075,3.2614391895001225,4.154010050728983,-5.540147916437893,-38.244532574144245,38.45405979798822,1,OK,1,OK,1,OK,1,OK,1,OK,1,OK,1,OK
163,/data2/hrd/Dyn-HaMR/test/images/rgb/000164.jpg,5.433333333333334,1,0.044677384197711945,0.09055271744728088,0.9816892147064209,-2.94905316552085,0.5173698675181826,1.5452386855914484,86.93127223787833,498.1510299194324,362.6934941881724,1.0,471.8509331284753,323.90763210078387,1.0,443.07609169513637,298.01079447554696,1.0,417.924884491979,275.4085377525395,1.0,385.9916233512098,248.50737072499155,1.0,483.20579055720316,256.16142526760325,1.0,477.01388764757905,225.44145465502515,1.0,464.40181204943826,210.1355603067556,1.0,453.0296044738186,193.16339923847045,1.0,492.11494486291724,263.2797286925803,1.0,457.19851494792016,267.79049698505116,1.0,439.78886142848694,285.09071482559546,1.0,439.46866184128885,303.5052374918399,1.0,494.2846094898923,289.88626280638766,1.0,464.2119009591679,278.72221078079497,1.0,444.664498087841,295.1225874298402,1.0,451.54185948118175,311.2307450722128,1.0,491.332625483367,312.3730650837033,1.0,474.32342832015763,296.6270473078288,1.0,454.019708834164,300.16901484852053,1.0,454.8053486919384,311.48957422898945,1.0,0.43408041705225975,-1.763513824658691,3.193548234746882,3.646350793346431,-4.480779964826822,-38.19219423646098,38.32972692048245,1,OK,1,OK,1,OK,1,OK,1,OK,1,OK,1,OK
164,/data2/hrd/Dyn-HaMR/test/images/rgb/000165.jpg,5.466666666666667,1,0.04404227435588837,0.09146092087030411,0.9738032817840576,-2.9624391930154514,0.5327174212543236,1.5367835161927872,86.3637840502961,498.82533263432015,364.83160141267217,1.0,472.36577192087225,325.62585630314425,1.0,443.31148521168825,299.5995766033034,1.0,418.2228663848182,276.48113249609514,1.0,385.88723668534294,249.22341921230145,1.0,483.0988053169722,257.9926096400386,1.0,477.0928545164679,227.4239092965181,1.0,464.4963246370621,212.1806551446498,1.0,453.35469581629826,195.3082529425119,1.0,491.7059645593363,265.5386546991813,1.0,456.30197192630266,270.5360392868124,1.0,440.8468996090487,288.30140850308953,1.0,445.02258641619574,305.55700966379936,1.0,493.75965417960106,292.5084475397589,1.0,462.99925974441885,282.01450561068054,1.0,444.8182331030389,298.9522481469644,1.0,454.5878083685669,313.9697194966275,1.0,490.75138819229323,315.2637513682712,1.0,473.79217207160036,299.09965936568005,1.0,453.90164728472166,303.2024698131154,1.0,456.9677638165218,314.56728954931623,1.0,0.4305423846354607,-2.6493517995870026,3.902579263441455,4.712315037623537,-5.6873931531297695,-38.88828365358187,39.10027723177342,1,OK,1,OK,1,OK,1,OK,1,OK,1,OK,1,OK
165,/data2/hrd/Dyn-HaMR/test/images/rgb/000166.jpg,5.5,1,0.044105805456638336,0.09142796695232391,0.9777518510818481,-2.9649589501288123,0.5352852737294866,1.5328493617197834,87.57481050480904,498.01673502893755,364.2674616368895,1.0,471.65049208568325,325.3982591694985,1.0,442.78823425041355,299.6782196087215,1.0,417.95778391352906,276.61676896919016,1.0,385.06994330359885,249.10743899540284,1.0,482.0962925837048,258.2918724374749,1.0,476.4631916034423,227.79818044294734,1.0,464.27275345265343,212.43513760497444,1.0,454.14332790930837,195.27236702493974,1.0,490.58707946013783,265.78632506845315,1.0,454.98326262489604,271.63903978153485,1.0,439.92358043104196,289.26393059725297,1.0,443.74638705088137,307.35019930539875,1.0,492.6754973877305,292.5933028537031,1.0,461.52721490188856,283.05255599379313,1.0,444.4852720316503,300.35604835509093,1.0,455.207477916298,315.391944715735,1.0,489.7828040563181,315.2151865361302,1.0,472.72040479173756,299.1952692384061,1.0,453.5501800754507,304.33872249086016,1.0,457.66898215493643,316.10451546896184,1.0,0.438092587348794,-1.799224029687991,3.589393566253865,4.012985634954746,-4.605470218530878,-38.61091779034449,38.75240840711988,1,OK,1,OK,1,OK,1,OK,1,OK,1,OK,1,OK
166,/data2/hrd/Dyn-HaMR/test/images/rgb/000167.jpg,5.533333333333333,1,0.04497012495994568,0.09152022749185562,0.9840601682662964,-2.9493120213652726,0.5189098293605499,1.5495047050219624,86.42619360967788,497.8652778768901,363.60342773470256,1.0,471.88081855956443,324.8563873969051,1.0,443.21270189441657,299.24066204742167,1.0,418.37057270861806,276.6165346389257,1.0,386.44442537131545,250.05587396629744,1.0,483.40369490513694,257.552270218026,1.0,477.01039333239623,227.27512154926444,1.0,464.50719321027236,212.1745890959137,1.0,453.3848236804316,195.38897341327174,1.0,492.1956659380212,264.73269538363,1.0,457.9162690744711,267.6659598717097,1.0,440.52786638705584,284.46767549830724,1.0,439.62978859218583,302.17767763792745,1.0,494.2145039551924,291.23431750569057,1.0,465.3376090288534,278.8398740954167,1.0,443.93438882831697,293.723653877066,1.0,445.23997368444725,309.8538288413429,1.0,491.1929699735465,313.6002066422225,1.0,474.90353412563127,297.80975988880573,1.0,453.76126117199345,298.7211904438527,1.0,449.5722212835867,309.12131842290273,1.0,0.4309314800369907,-2.449874305891552,3.983488708011953,4.6724199995475235,-5.43427405518881,-39.02266155801946,39.214560246505926,1,OK,1,OK,1,OK,1,OK,1,OK,1,OK,1,OK
167,/data2/hrd/Dyn-HaMR/test/images/rgb/000168.jpg,5.566666666666666,1,0.04345055669546127,0.09129166603088379,0.9759887456893921,-2.9362572469677435,0.5408120386347174,1.5332891533622561,86.72357110360367,497.63960471407336,364.2758966910418,1.0,470.48575246114854,325.5550793860166,1.0,441.52818967698386,299.85128645489385,1.0,416.57882013378605,277.10474459697423,1.0,384.49195519136265,251.02060733504126,1.0,480.851795633626,258.1702341045451,1.0,474.9508655090531,227.8402806943292,1.0,462.66026052377754,212.92666893825177,1.0,451.8821236685231,196.43541724119132,1.0,490.06102846149463,265.6055287715084,1.0,454.9920197282636,270.76216442205407,1.0,439.32927162762473,288.0108744029893,1.0,443.10440128669313,304.9585259911182,1.0,492.88152523409246,292.3626474341422,1.0,461.8872022997747,283.0602010715691,1.0,443.61966091079285,299.9319629419757,1.0,451.1686346589148,315.00056383627145,1.0,490.47505233450227,315.0258549096367,1.0,472.99471367375884,299.4784008223569,1.0,453.83391349540443,305.1385663678933,1.0,457.09787571179265,316.4655274129867,1.0,0.43278549433466007,-3.299352692306866,4.330393958434772,5.436496154092097,-6.534706162614632,-39.35513683521086,39.626797310596054,1,OK,1,OK,1,OK,1,OK,1,OK,1,OK,1,OK
168,/data2/hrd/Dyn-HaMR/test/images/rgb/000169.jpg,5.6,1,0.042410098016262054,0.09237643331289291,0.960822582244873,-2.902293407832073,0.5245906803815507,1.5367024069198434,87.5247761290589,499.93390488804016,367.6484323453915,1.0,471.3174118709834,328.4326059949344,1.0,441.522097732371,301.40817517748417,1.0,414.6891559105385,278.7831960220552,1.0,383.28559610764023,252.06565728785822,1.0,482.019359239649,258.2743506677856,1.0,474.70300809699347,226.76726765504978,1.0,462.2321853095003,211.07476668232144,1.0,449.4902219286449,194.81590657798492,1.0,492.24834392894024,265.22674255579875,1.0,456.77960822080615,272.42625218221247,1.0,442.4320454174182,291.79445550424305,1.0,455.01716308857146,305.05599591108194,1.0,495.89879623530453,292.17718103437346,1.0,464.1503792815756,282.3786094971873,1.0,445.86036734293316,301.22247863058885,1.0,459.53097574799654,315.14869721957984,1.0,493.848607575292,315.15887431210797,1.0,476.60242792874885,298.25198351538313,1.0,457.70787860482005,305.7208022899946,1.0,465.90804495544137,316.60472299411595,1.0,0.43778064562519187,-3.5651337567709325,4.719933196926392,5.9053816470485785,-6.91583664113066,-39.74530620577812,40.042092438113436,1,OK,1,OK,1,OK,1,OK,1,OK,1,OK,1,OK
169,/data2/hrd/Dyn-HaMR/test/images/rgb/000170.jpg,5.633333333333334,1,0.04165630042552948,0.09215047955513,0.9573414921760559,-2.9332057225583226,0.5255339949065464,1.5148574152043888,89.54404779474719,499.3524562835273,367.7803476267218,1.0,470.69342558414155,328.7862319057531,1.0,440.6117665892375,302.2834988771456,1.0,413.7772464540667,280.09245013533473,1.0,381.5965313794877,254.08781812545794,1.0,479.8839448707349,258.5108990821959,1.0,473.5178193831348,227.1263901068096,1.0,461.14733022370524,211.73674940813908,1.0,449.2088567161646,195.37913088042296,1.0,489.44064693162,265.4052387217098,1.0,453.47979201714236,274.1272984051509,1.0,439.1195635666038,293.53798831353424,1.0,448.2239149555345,309.8926595355697,1.0,492.85902065139817,292.3432855123933,1.0,460.01900362649417,284.98014153044085,1.0,443.6289764754265,304.33440258721885,1.0,457.01094948357604,318.4670901957279,1.0,490.76607674840034,315.3297639073935,1.0,471.4712403706694,300.28654510451315,1.0,455.35570982199613,310.73461539458185,1.0,465.94654482880014,321.30875304600886,1.0,0.45036989200574984,-3.7330462040258974,4.378352657113257,5.744356286197555,-7.132809627468832,-39.37644489699891,39.69967133198163,1,OK,1,OK,1,OK,1,OK,1,OK,1,OK,1,OK
170,/data2/hrd/Dyn-HaMR/test/images/rgb/000171.jpg,5.666666666666667,1,0.04355202615261078,0.09353558719158173,0.9691653251647949,-2.9353152548544132,0.5072136890072889,1.5180628911075207,90.5157070042589,499.4580032027152,367.94089984946913,1.0,471.4570098973709,329.5939735692227,1.0,441.5424426317268,303.4506528877828,1.0,414.8723896820884,281.2412251850428,1.0,381.44202708872035,254.67215917400063,1.0,480.56170245860994,259.27662992761543,1.0,473.76303266018294,227.78295569855618,1.0,461.26170800585714,212.27227890000358,1.0,449.830817842525,195.37572999219265,1.0,489.7906158691767,265.59208519197455,1.0,454.2122657518785,273.7214089809422,1.0,440.41036897842787,293.09719775389385,1.0,448.73944832453924,310.0484852503032,1.0,492.910763522621,291.8563406636804,1.0,460.53470727400963,284.44098160281646,1.0,444.405919533991,303.8389911100094,1.0,456.50448736727685,318.5177207323686,1.0,490.67143603357545,314.2678692664813,1.0,471.2941229862008,299.94347482152807,1.0,455.1893256570156,310.3224728262212,1.0,464.7487803813747,321.52757044546524,1.0,0.4564277481101743,-3.916516346457925,4.246930625723009,5.767469208362721,-7.322596135667987,-39.259538261967144,39.60273288474371,1,OK,1,OK,1,OK,1,OK,1,OK,1,OK,1,OK
171,/data2/hrd/Dyn-HaMR/test/images/rgb/000172.jpg,5.7,1,0.0435875803232193,0.09365296363830566,0.9687158465385437,-2.932619749341465,0.5071732823206953,1.523326503333102,89.55911428152274,499.73746251267767,368.1757514256242,1.0,471.76539198845785,329.6055446255559,1.0,441.91961171508706,303.25024738882803,1.0,415.11512273096923,281.0882825762826,1.0,382.0223610248031,254.13956473116968,1.0,481.3081587241977,259.2008548486001,1.0,474.2751999098341,227.65014858493032,1.0,461.7170634619863,212.1076491974145,1.0,449.6941723858476,195.4764511246958,1.0,490.64943356780714,265.59957550423064,1.0,455.1428627722852,273.2832810414317,1.0,440.6133337586705,292.63417883018064,1.0,448.0746789136158,309.81702275659245,1.0,493.73258951492244,291.9645558412549,1.0,461.68764774901615,283.44075617198087,1.0,444.1298868260129,302.3739241677981,1.0,454.61360431900414,317.84032618772017,1.0,491.40226307418925,314.45133929754775,1.0,472.46837585300864,299.56399075498666,1.0,455.4165083803322,309.08049065518753,1.0,463.84147160155135,320.06748005227564,1.0,0.45046382474265184,-4.119663398757135,3.9013725988604104,5.66461923123867,-7.54895946126623,-38.912972676967954,39.28581377384057,1,OK,1,OK,1,OK,1,OK,1,OK,1,OK,1,OK
172,/data2/hrd/Dyn-HaMR/test/images/rgb/000173.jpg,5.733333333333333,1,0.042949482798576355,0.09398342669010162,0.9661867618560791,-2.949141146772353,0.5002850039188973,1.5132057503017193,90.62392610373166,499.1513619394773,368.9204528948103,1.0,471.2373213512619,330.56834274883295,1.0,441.3069240778118,304.25650862685325,1.0,414.6137940580229,281.91293208731054,1.0,381.18230046293684,254.86512064276576,1.0,480.1434755630853,259.8418534672055,1.0,473.71415371846433,228.24178182271498,1.0,461.282100256145,212.64088382164482,1.0,449.81914534937306,195.69013009363334,1.0,489.09579648447834,266.03203163413764,1.0,453.3783619438552,274.51667725427706,1.0,439.6445554160691,294.1694993135543,1.0,446.83000500715787,312.37959643402974,1.0,491.9871263437399,292.33272859459703,1.0,459.3022782232988,285.42627951559007,1.0,443.52394429597325,305.10035315966525,1.0,455.14762125347056,320.64123627006484,1.0,489.60919887050477,314.7636389660711,1.0,469.3479788336808,301.34524453070935,1.0,454.65354175109337,312.7431905646281,1.0,465.83797018782116,324.02924750832244,1.0,0.4571024452940623,-3.994445365342449,3.2690059703069014,5.154901694260601,-7.336652161790907,-38.29737132260944,38.663485546371625,1,OK,1,OK,1,OK,1,OK,1,OK,1,OK,1,OK
173,/data2/hrd/Dyn-HaMR/test/images/rgb/000174.jpg,5.766666666666667,1,0.042433761060237885,0.09319276362657547,0.9670812487602234,-2.935266842769204,0.5154002522486721,1.5221215352974398,90.61738808181465,498.3291473884407,367.8020768233995,1.0,470.3931461820699,329.18898164297514,1.0,440.67770679163243,302.9626697620246,1.0,414.144646911227,280.87630808292533,1.0,381.4592350866491,255.0277904376353,1.0,479.9505885556986,259.3438827044316,1.0,473.7124765987543,228.12312480293744,1.0,461.51151612132935,212.79564511790645,1.0,450.33564903639444,196.14187850452922,1.0,489.2330075988066,265.95462374259444,1.0,453.60237918333974,274.68363195656946,1.0,439.5050753929851,293.98219659951246,1.0,446.6972711357944,311.72477692543487,1.0,492.31048766067886,292.4400567297931,1.0,459.6724488153551,285.67495902189364,1.0,443.89252898709276,305.063572215225,1.0,456.1421258766412,319.6675275447693,1.0,490.0467534883561,315.00188705174276,1.0,470.04932674555823,301.261196202256,1.0,455.5800110152985,312.9790412762371,1.0,467.09591164902974,323.5782872269616,1.0,0.45706168368176747,-3.9246912533991134,3.0759240344697756,4.980515534121303,-7.291547058302044,-38.11784119522537,38.48357255330661,1,OK,1,OK,1,OK,1,OK,1,OK,1,OK,1,OK
174,/data2/hrd/Dyn-HaMR/test/images/rgb/000175.jpg,5.8,1,0.04241061210632324,0.09339852631092072,0.9641896486282349,-2.9290619745925386,0.5243049688734511,1.5291759423317863,89.47645626978013,498.7742280401035,368.43050327051606,1.0,470.8690501656747,329.5169708883059,1.0,441.17330720697055,303.2158816237743,1.0,414.7788243864197,280.90755310901375,1.0,382.0550168080699,254.74038779198327,1.0,480.9136127889524,259.9155043589535,1.0,474.5860747701281,228.4377323641129,1.0,462.0832432419902,213.01686071735458,1.0,450.01673346628615,196.54037666254953,1.0,490.32898379238213,266.77448388198763,1.0,454.85831729039955,274.36077836364257,1.0,440.4545542465635,293.28532683800586,1.0,447.67478094490025,310.3197863485184,1.0,493.3895234041829,293.40874692029774,1.0,461.30468451798606,285.2425522226672,1.0,444.1030004356576,303.85602264871886,1.0,454.64061409878855,319.0636671101529,1.0,491.08234804669155,316.0575768612125,1.0,471.8099266076424,301.5718787458627,1.0,455.41994903532463,311.23337552358134,1.0,464.80630365730576,322.5289057710579,1.0,0.44994848939038756,-4.4444477780298035,3.8146913065342014,5.8471210684994706,-8.016913718551688,-38.85381690718282,39.275877927604185,1,OK,1,OK,1,OK,1,OK,1,OK,1,OK,1,OK
175,/data2/hrd/Dyn-HaMR/test/images/rgb/000176.jpg,5.833333333333333,1,0.04165090620517731,0.09295518696308136,0.9564884901046753,-2.9497704385032386,0.5309162931684455,1.5262687952535419,88.95787237975684,499.1960003376007,368.89671659469604,1.0,471.5459305047989,329.40953397750854,1.0,441.6350613832474,302.8089768886566,1.0,415.171835899353,280.1796619743109,1.0,382.71361017227173,253.81598222255707,1.0,481.38152623176575,259.71827352046967,1.0,474.594789147377,228.45957350730896,1.0,462.152535200119,212.9369101524353,1.0,450.4915056116879,196.19949197769165,1.0,490.31597328186035,266.92344760894775,1.0,454.2775117456913,274.7672682106495,1.0,440.8065884113312,293.8110021352768,1.0,451.3805271908641,309.19557452201843,1.0,492.93945837020874,293.9163475036621,1.0,460.41719275712967,285.8253700733185,1.0,443.9555349946022,304.6270844936371,1.0,457.4730898141861,318.3776824474335,1.0,490.3064920902252,316.8132951259613,1.0,471.7013953924179,301.1272385120392,1.0,455.1920372247696,310.4386489391327,1.0,465.8876039981842,320.8088285923004,1.0,0.4467153531703208,-5.156814233427149,3.8206472309327135,6.405729108438118,-8.862580151543686,-38.827610935656026,39.34421577322674,1,OK,1,OK,1,OK,1,OK,1,OK,1,OK,1,OK
176,/data2/hrd/Dyn-HaMR/test/images/rgb/000177.jpg,5.866666666666666,1,0.0428544357419014,0.09259362518787384,0.9651609063148499,-2.939975883812547,0.5234058608273807,1.5313456358207995,89.26381088896196,498.8774577933831,367.271423761597,1.0,471.4917228885528,328.336362473539,1.0,441.94905703816005,302.03964253381037,1.0,416.0617275547653,279.10852069072394,1.0,382.90856038480524,252.52024142795926,1.0,481.647939006818,259.1267726125865,1.0,475.0362469194729,227.92366220833324,1.0,462.54709120873156,212.45915327569796,1.0,451.43179589861097,195.3136497698306,1.0,490.69712969484283,266.0674962359359,1.0,455.4307175748048,272.7600458739555,1.0,441.71246637730883,291.5404489595477,1.0,450.64439030746007,306.89904534640266,1.0,493.37619346257486,292.73813545347366,1.0,461.6301052855828,283.9242569978684,1.0,444.3815138883258,302.3377983125914,1.0,455.5480034540511,316.8493507267249,1.0,490.85732059176223,315.3503200511501,1.0,472.9797899884055,299.4102829309621,1.0,453.97079870845926,305.60546610258586,1.0,459.8052456335689,317.61175495109273,1.0,0.4486227415297623,-3.2436350691676346,3.095765576138735,4.479296828824664,-6.374040910964803,-38.1002331640126,38.38007299660556,1,OK,1,OK,1,OK,1,OK,1,OK,1,OK,1,OK
177,/data2/hrd/Dyn-HaMR/test/images/rgb/000178.jpg,5.9,1,0.04272942990064621,0.09269707649946213,0.9604495763778687,-2.9602931132093477,0.5037862684399764,1.5171724281922654,90.9038235810668,499.5812772832545,368.0087714286334,1.0,472.08161399593234,329.33881160368617,1.0,442.0876247647601,303.06864805548037,1.0,415.8249194366814,280.16754453089277,1.0,382.4078305284014,253.34630597222608,1.0,481.293432105811,258.7907122870196,1.0,474.87209097290224,227.16435437904025,1.0,462.22681126983696,211.58049819470762,1.0,451.38441432227944,194.1370496875552,1.0,489.8622514427756,265.16328517004524,1.0,453.9535495644226,272.5151330519295,1.0,440.422965447464,291.8551594338164,1.0,448.5504281119229,309.3688550468754,1.0,492.3357064821108,291.6561359292017,1.0,459.85809062445753,283.7915788667764,1.0,443.4824597873667,302.9849505139929,1.0,454.8500397355401,318.38474603647353,1.0,489.72554178809116,314.1776523848439,1.0,470.54205426841315,299.23941868136,1.0,453.25314970884835,308.13885510444777,1.0,461.6883022946055,320.8055004099566,1.0,0.4588474795870422,-4.728047138927954,3.4323847643501315,5.833460638490819,-8.325149484874622,-38.50288988601409,38.96818170586185,1,OK,1,OK,1,OK,1,OK,1,OK,1,OK,1,OK
178,/data2/hrd/Dyn-HaMR/test/images/rgb/000179.jpg,5.933333333333334,1,0.043136484920978546,0.09170196205377579,0.9599450826644897,-2.9483942991200234,0.4953967103112503,1.5126819696689195,91.33935386063321,499.0867013278761,366.7008318875172,1.0,471.4365769930131,328.90646370411434,1.0,441.48904486839876,303.0783056706456,1.0,416.00717351492733,279.51070432583833,1.0,380.9542522703001,252.8743982315685,1.0,480.4313957841472,258.6868745046098,1.0,474.42431046659146,227.08701923878712,1.0,461.6741434329316,211.7914351916661,1.0,451.0425564168017,194.3038665151374,1.0,489.19671651356293,264.63321696941205,1.0,454.0468493423639,271.1535142657216,1.0,439.78616489805836,289.9091074665788,1.0,443.13850083258785,308.458789703535,1.0,492.02286669188413,290.7217226185563,1.0,460.20125633075907,282.70014641661203,1.0,443.71384954101165,301.6370385273358,1.0,452.41639160285547,317.73784501626926,1.0,489.9207255706284,312.88113306896173,1.0,472.2629943062766,297.09128741529787,1.0,452.33385502782755,301.6948665491582,1.0,452.21109845206365,314.7256603206084,1.0,0.4615628140756217,-4.199044651119108,2.7400430250671306,5.008616963675567,-7.5730767939984975,-37.80689719013591,38.209143283678074,1,OK,1,OK,1,OK,1,OK,1,OK,1,OK,1,OK
179,/data2/hrd/Dyn-HaMR/test/images/rgb/000180.jpg,5.966666666666667,1,0.04494011402130127,0.0916859582066536,0.9698988199234009,-2.923107396068341,0.4804059236252243,1.5345203238964822,91.29036791180137,499.75648837520237,365.5090773082999,1.0,472.4313583293447,327.5938193045762,1.0,442.89997349118926,301.5667523553426,1.0,417.24736957328787,278.3273196081374,1.0,382.49260490976303,251.5802187469802,1.0,482.87035132215715,257.3596967775119,1.0,476.3485160689878,225.84051147722312,1.0,463.7699071084986,210.4288566058361,1.0,452.5064817664926,192.99704436249704,1.0,492.3928370309135,263.23348089382125,1.0,459.6307424007615,265.03822096207807,1.0,441.5546990434335,282.20615383878476,1.0,441.1059854628845,298.71967414935386,1.0,495.361279679188,289.22398982435016,1.0,466.82600037313523,276.4323112999091,1.0,446.48471510627917,292.99737984540354,1.0,450.1189443846466,308.9359613081348,1.0,493.091712964002,311.34272565242156,1.0,477.5610226481373,294.6841498440742,1.0,456.0732769651147,295.0168824990877,1.0,450.13415825462687,304.711264239195,1.0,0.4612574088200989,-4.585836561401218,2.3078138623249966,5.129384568764983,-7.974627419386756,-37.31146272706612,37.771402824548026,1,OK,1,OK,1,OK,1,OK,1,OK,1,OK,1,OK
180,/data2/hrd/Dyn-HaMR/test/images/rgb/000181.jpg,6.0,1,0.04303743690252304,0.09158497303724289,0.9536944031715393,-2.9376774812825177,0.4996185033719295,1.54157939612554,87.2019546883367,502.0983792245388,367.67840427160263,1.0,474.41710886359215,327.75041753053665,1.0,444.5981002151966,300.43483632802963,1.0,418.12109073996544,277.0191690288484,1.0,385.4019637107849,248.38271766901016,1.0,485.7021669447422,256.23723793029785,1.0,478.3701701015234,223.69342732429504,1.0,465.01662910729647,207.5793378353119,1.0,450.93628348223865,190.85503882169724,1.0,495.23687121272087,263.0505486577749,1.0,458.9711270965636,267.856284275651,1.0,442.60165432840586,286.8133632391691,1.0,449.95244148746133,303.20544706285,1.0,497.8846342265606,290.33088848367333,1.0,466.3324236869812,278.8592740483582,1.0,446.33640514314175,296.817719489336,1.0,456.51796421408653,312.18789710104465,1.0,494.97631123661995,313.5356096327305,1.0,478.70185354352,295.42340491712093,1.0,457.60749481618404,299.569535985589,1.0,460.974895413965,311.0366941988468,1.0,0.4357679998166878,-4.280500610744962,2.4382210870117516,4.921739909254035,-7.601249201502724,-37.4417864065333,37.8563542932714,1,OK,1,OK,1,OK,1,OK,1,OK,1,OK,1,OK
181,/data2/hrd/Dyn-HaMR/test/images/rgb/000182.jpg,6.033333333333333,1,0.04339543730020523,0.09034337103366852,0.9493897557258606,-2.92662016479035,0.48217137206344163,1.549840051861946,89.57815101430238,503.16307397504715,366.64698495518076,1.0,475.36913106458087,326.70241589772706,1.0,445.4775715325203,299.1470327023228,1.0,418.7737088808126,275.5291544142244,1.0,385.1779135955894,246.15248798245526,1.0,487.5146158577703,254.3182521403969,1.0,480.1460797271867,221.14429954126535,1.0,466.6762496085065,204.68937873423178,1.0,452.7494353808745,187.34488147817805,1.0,497.44344730753403,260.78224077495713,1.0,461.177655088853,265.22892397006365,1.0,443.298185813425,283.96227177852734,1.0,448.6038966478437,301.4519816065232,1.0,500.1917705639502,288.0241658760557,1.0,468.4484059509589,276.8361521648376,1.0,447.6210163122861,294.4253284255785,1.0,456.40982423969575,311.02195195422007,1.0,497.3187101546213,311.2112490508199,1.0,479.55812637151814,294.31979135281915,1.0,458.3595464935918,298.8814503193271,1.0,462.141750832158,311.79704339742864,1.0,0.45058251016934114,-3.3278090518361183,0.27836363206166287,3.339378902731971,-6.260756096267114,-35.23749714923292,35.55988847416445,1,OK,1,OK,1,OK,1,OK,1,OK,1,OK,1,OK
182,/data2/hrd/Dyn-HaMR/test/images/rgb/000183.jpg,6.066666666666666,1,0.044439442455768585,0.08879062533378601,0.9541611075401306,-2.932541145710713,0.47470813936497347,1.5449895177150657,90.98211040354192,503.4305819642726,363.9684823124802,1.0,475.77780391999283,324.4940323674158,1.0,445.8115811748354,297.53325274923986,1.0,419.4305522316648,273.86507082091464,1.0,385.1852361464795,244.509006611921,1.0,487.580816759173,252.23268820113208,1.0,480.5814443745858,219.17293657319715,1.0,467.2611058936063,202.67715619981027,1.0,453.9097086959572,184.88777477058466,1.0,497.34152805368376,258.4304792149927,1.0,461.14976920888057,262.3831870217465,1.0,443.6059383673687,281.1137350840147,1.0,448.0785073095494,299.4478466933168,1.0,500.02566340363353,285.41142136197686,1.0,468.68179709487845,273.7464372835659,1.0,447.87619415475467,291.0587154444163,1.0,454.6755160327285,308.39409310828535,1.0,497.1820476910549,308.38462726793784,1.0,479.7682487084261,291.4026226218965,1.0,458.4010841803514,295.2016879059536,1.0,460.8928640811753,308.95288461094754,1.0,0.4593355625494476,-1.9474820104388895,-0.2811529024655958,1.9676410882590376,-4.566650610520263,-34.77828114006299,34.95485958474818,1,OK,1,OK,1,OK,1,OK,1,OK,1,OK,1,OK
183,/data2/hrd/Dyn-HaMR/test/images/rgb/000184.jpg,6.1,1,0.043229736387729645,0.08681975305080414,0.9465974569320679,-2.9022625081575724,0.45827567395719143,1.5739778788094294,92.9056183738134,503.0210267097731,362.3587970084858,1.0,475.46365680299334,322.3828765752278,1.0,445.62570262590054,295.0842673501305,1.0,419.12935423415126,271.5625022059194,1.0,384.83636889153547,242.83483832416823,1.0,489.66620707063464,249.23841508065502,1.0,482.4545751063524,216.6824548433251,1.0,469.1812685950831,200.507939900981,1.0,455.9325517529063,183.02859527243345,1.0,500.25310087807884,255.2171417374178,1.0,465.43444249047786,255.5258424764003,1.0,443.8534022836857,272.41630014566726,1.0,439.18145459822847,292.2682188882583,1.0,503.01875469534934,282.1973794665216,1.0,472.67206476910815,268.5829572255833,1.0,449.33631988375373,284.37463335763596,1.0,450.3737959895676,303.0318475709364,1.0,500.08096627880275,305.1168080798674,1.0,482.6632463531629,288.08517615722417,1.0,460.0916537313052,287.555640503302,1.0,454.9818547954054,300.4130226857975,1.0,0.4713277655621415,0.12327668746016356,-1.3375987573375299,1.3432633955636937,-2.0116473493093077,-33.69417908069082,33.73083056973505,1,OK,1,OK,1,OK,1,OK,1,OK,1,OK,1,OK
184,/data2/hrd/Dyn-HaMR/test/images/rgb/000185.jpg,6.133333333333334,1,0.0413106307387352,0.08513994514942169,0.9298769235610962,-2.9167241795703363,0.4640590420496849,1.5733283091141663,94.22760225245423,504.08675164953456,362.3145402840746,1.0,476.3754388536072,321.27503156132116,1.0,446.0543541809742,293.4445551587854,1.0,419.1264884471651,269.4167670783138,1.0,384.01187949201994,240.03278892822286,1.0,490.7568652873265,246.93313128017962,1.0,483.5581899152545,213.70636857340287,1.0,469.9094709819692,197.22641259663882,1.0,456.24004839950055,179.5188843895206,1.0,501.16151737944256,253.2859120432387,1.0,464.50520148505694,256.1592821193062,1.0,445.46261625269346,275.09714508896775,1.0,447.6701844568712,294.56916518302387,1.0,503.6230628066909,280.9106628433424,1.0,471.97953695917477,267.8846812315936,1.0,449.05422331179557,284.6533125238001,1.0,452.66070954965596,303.47389712213214,1.0,500.34455543673664,304.332788929038,1.0,483.36544866740485,286.1411462497932,1.0,460.4368929267538,285.76654232876456,1.0,457.1113716012576,299.8221140967945,1.0,0.4795697376762118,-1.991023071896293,-1.615516664062644,2.563175553145198,-4.521079940588721,-33.40854237314028,33.59668324063561,1,OK,1,OK,1,OK,1,OK,1,OK,1,OK,1,OK
185,/data2/hrd/Dyn-HaMR/test/images/rgb/000186.jpg,6.166666666666667,1,0.03965141624212265,0.08280419558286667,0.9155705571174622,-2.9463964464279813,0.4806315891697467,1.5557913474460932,96.43452023350464,504.69861237726093,361.02283137620543,1.0,476.71567999094384,319.2978092142148,1.0,445.76942874575855,291.42743437783304,1.0,418.4158879960693,267.29561452906034,1.0,383.053321254721,237.72065441526743,1.0,489.876141324518,244.50361871443843,1.0,482.97360543112154,211.06776615453418,1.0,469.55166913340815,194.2755009434671,1.0,457.0657458421101,175.90012627645046,1.0,499.6630517472513,251.342314709999,1.0,461.3646468837884,257.17330415313336,1.0,443.2730327807294,276.7644114305851,1.0,446.3911031522633,297.46488855738187,1.0,501.8406663842761,279.58988733428544,1.0,468.12760390524033,269.02276738380897,1.0,447.07738439795264,287.15217420946885,1.0,454.37023812052814,305.64506435533497,1.0,498.379019414681,303.53415298885864,1.0,480.42014265420096,285.53310195485153,1.0,457.6876537063114,286.95364703473876,1.0,457.47457011604513,301.43277869744145,1.0,0.49332887404068754,-0.7458712544036152,-2.687888964905189,2.7891648271300284,-2.9973585388730974,-32.32941117546819,32.41778398158906,1,OK,1,OK,1,OK,1,OK,1,OK,1,OK,1,OK
186,/data2/hrd/Dyn-HaMR/test/images/rgb/000187.jpg,6.2,1,0.03894234448671341,0.08119001984596252,0.8985408544540405,-2.977108296370368,0.4739239094209474,1.550927751257278,96.48711561443221,506.9810069764626,361.0675004702571,1.0,479.2812413458769,318.41615564157837,1.0,447.4934757612373,289.94004305450744,1.0,419.09055004473885,265.5717858984358,1.0,382.08634189132863,235.13252771856787,1.0,492.080930215041,242.11466000977998,1.0,484.4237707985303,208.46474557003967,1.0,470.354427921264,191.67717379339229,1.0,456.4064604985397,173.5997441816362,1.0,501.14755114893524,249.05892460022915,1.0,462.4247935902309,253.2833329103687,1.0,444.26819451726624,273.0197122579825,1.0,448.6339509875047,292.45788870401793,1.0,502.57860941703075,277.7574461921816,1.0,469.2677768300234,264.78646857047215,1.0,446.8489356995651,282.10048211344315,1.0,452.84480366722164,300.64389021415445,1.0,498.4924431853233,302.03969030944154,1.0,481.1509271429295,282.92763718917286,1.0,457.7871843272276,282.56688948756255,1.0,454.86576583938495,295.53779503273745,1.0,0.4936567824743211,-11.689256870163199,-0.06614034406653813,11.689433810224072,-16.2954438699455,-34.97152884652294,37.1657196128809,1,OK,1,OK,0,thumb_chain_height_break,1,OK,1,OK,1,OK,1,OK
187,/data2/hrd/Dyn-HaMR/test/images/rgb/000188.jpg,6.233333333333333,1,0.03911080211400986,0.07965706288814545,0.9030964374542236,-2.9498755818279347,0.4700029201422485,1.5654706237144853,97.56605427874966,506.35756266117096,358.35428059101105,1.0,478.4081045985222,315.93152701854706,1.0,446.7542831301689,287.60041534900665,1.0,418.5779536962509,263.22035551071167,1.0,381.95880365371704,232.63476431369781,1.0,492.6080487370491,239.82492625713348,1.0,485.1028924882412,205.63098073005676,1.0,471.1875933110714,188.53248536586761,1.0,457.020565725863,170.3060644865036,1.0,502.41340708732605,246.6381011903286,1.0,464.1246947394684,249.60439264774323,1.0,444.53866866230965,269.06237710267305,1.0,445.7331973016262,290.41529908776283,1.0,504.18158036470413,275.2591479383409,1.0,471.57717422395945,261.7462330311537,1.0,448.1967980861664,278.587139621377,1.0,450.929311260581,298.24247762560844,1.0,500.3038651943207,299.4349218904972,1.0,483.03124901652336,280.7148602232337,1.0,459.5899267196655,277.502318136394,1.0,452.92564314603806,291.0018112510443,1.0,0.500383477502735,2.277251213122774,-4.035212898650133,4.629754632745077,0.5673272526968571,-31.01349226233623,31.016923856125302,1,OK,1,OK,1,OK,1,OK,1,OK,1,OK,1,OK
188,/data2/hrd/Dyn-HaMR/test/images/rgb/000189.jpg,6.266666666666667,1,0.03789238631725311,0.07868135720491409,0.8857110738754272,-2.9586395719111627,0.4593998323230946,1.565055102457243,98.71852623178276,508.40834651215664,359.28561421104195,1.0,480.2278139421781,316.0157331889047,1.0,447.8343695706086,286.84307105317356,1.0,418.8535768529164,261.94184431622443,1.0,381.8638426419202,230.84925800609804,1.0,494.5424378869041,237.84706532036884,1.0,486.6036012284782,203.14871250910073,1.0,472.21943197555964,185.7672591313276,1.0,457.4370967803902,167.33523844901597,1.0,504.2291297934419,244.53723135718096,1.0,464.8034154843477,248.10196043475207,1.0,445.9298121213375,268.63274666121356,1.0,451.47214003345505,289.6541929321805,1.0,505.77259380217583,273.52527621600706,1.0,472.04669644075966,260.0309391331774,1.0,449.1670116418869,277.84877123171174,1.0,456.09796612896344,297.4969511411109,1.0,501.62189365039376,298.0239866907262,1.0,484.4975697962027,278.2523423946839,1.0,460.67131199783387,275.26050593740274,1.0,456.60814834893347,289.60719847881256,1.0,0.5075686193585591,-0.14320696150651613,-3.552967459069893,3.5558376030113448,-2.2258195806987433,-31.478191344837633,31.529518977830158,1,OK,1,OK,1,OK,1,OK,1,OK,1,OK,1,OK
189,/data2/hrd/Dyn-HaMR/test/images/rgb/000190.jpg,6.3,1,0.037393324077129364,0.07717440277338028,0.8828039765357971,-2.9318655000401455,0.47159374642542695,1.5920540618114432,96.82049600034591,508.71663283479,357.59907123881084,1.0,480.7630968903224,313.27266182161173,1.0,448.7616733178603,283.1425808726677,1.0,419.28261556774544,258.3551285315259,1.0,383.6119765308273,227.82380929402612,1.0,497.18943037775506,235.51352368587564,1.0,487.5449535869723,200.9447843579134,1.0,473.0437736487465,183.31551036146203,1.0,457.4359375893656,165.18012470108079,1.0,507.58513505828887,242.80529129502506,1.0,469.1451854132935,245.49608066863811,1.0,449.6810395211752,266.0789224574996,1.0,457.40024170826234,283.61495117088333,1.0,509.23545963092937,272.2164068457632,1.0,477.2130686368598,255.47155669895832,1.0,451.6693511669579,271.79953280167007,1.0,459.02699888333285,290.6726062602077,1.0,504.93785472634346,297.0323719298943,1.0,490.4542311196781,275.1503101451419,1.0,466.64150131266786,270.3922381717121,1.0,460.5420359979781,282.3549199926997,1.0,0.4957352585347884,2.1025763932939303,-4.230764968057671,4.721034405855332,0.3975582773156953,-30.7789292496008,30.780637655959524,1,OK,1,OK,1,OK,1,OK,1,OK,1,OK,1,OK
190,/data2/hrd/Dyn-HaMR/test/images/rgb/000191.jpg,6.333333333333333,1,0.035673588514328,0.07618624716997147,0.8640170693397522,-2.935329957828708,0.466371648167263,1.5802934365025858,98.72119858609979,510.4492392191963,358.71549876147765,1.0,481.4212967700141,313.81824930808335,1.0,448.7066623004172,282.97588101996126,1.0,418.7499548689017,257.3579708651364,1.0,382.7177233860699,225.74214582013641,1.0,497.3501769757234,233.86317650359646,1.0,488.31846469102794,198.12033444336095,1.0,473.6665726134483,179.99103357088825,1.0,457.71293297508026,161.5425072777228,1.0,507.94579348593834,241.02341494027647,1.0,467.9137482217918,245.12663527716268,1.0,449.1542398138481,266.747687711461,1.0,459.2793717785175,285.2704836580668,1.0,509.86533885697946,270.96140942149583,1.0,476.1934213281932,255.35761340892,1.0,451.0898729131344,272.9329479710078,1.0,460.5530087905695,291.92333328460217,1.0,505.6966452993699,296.28316889173857,1.0,489.8472888960041,274.5480330356129,1.0,465.3112039991611,271.56464970984626,1.0,463.0312789185131,286.1086035191635,1.0,0.5075852802801601,-8.868624453720548,-3.7237342203925405,9.595921511539897,-12.355590500021883,-31.294057988590197,32.867793989500015,1,OK,1,OK,0,thumb_chain_height_break,1,OK,1,OK,1,OK,1,OK
191,/data2/hrd/Dyn-HaMR/test/images/rgb/000192.jpg,6.366666666666666,1,0.035898178815841675,0.07562533020973206,0.8603941798210144,-2.926528271520694,0.4589129542280798,1.5807350692870985,100.95086830175421,511.61906536465295,358.4029225168027,1.0,482.22071654970506,313.48297516456904,1.0,449.3377268932139,282.601868721501,1.0,419.2833337418584,256.8749679520658,1.0,382.0956110561917,225.8635084594595,1.0,498.30812383789515,232.63258761801384,1.0,488.9463037274636,196.4728495134526,1.0,473.7214737929248,178.43659533481696,1.0,458.18144686851036,159.51576245690862,1.0,509.2746203487198,239.53406065325785,1.0,468.79454446734536,243.7782840639787,1.0,449.64690515543407,265.3673050373075,1.0,457.8186379654353,285.1013813448014,1.0,511.4724521809197,269.49154196434534,1.0,477.20702877594886,254.4292995211287,1.0,451.9939651700273,272.31370195650425,1.0,460.2841974098703,291.33061840709644,1.0,507.45567724379,294.88260251536485,1.0,492.8347160762848,272.53171135269014,1.0,468.35856508630735,267.70699878400734,1.0,461.9374814577368,279.77720881681336,1.0,0.5214862634289898,-9.382908640061682,-3.710344721992102,10.06581682435014,-12.945241593886244,-31.319997066731922,33.0422526271183,1,OK,1,OK,0,thumb_chain_height_break,1,OK,1,OK,1,OK,1,OK
192,/data2/hrd/Dyn-HaMR/test/images/rgb/000193.jpg,6.4,1,0.036448054015636444,0.07471175491809845,0.8400908708572388,-2.945732621900093,0.44348508027685374,1.540977223958721,105.81443973764685,516.7698339605571,359.6438060471859,1.0,485.6438291218883,315.39098256258933,1.0,451.0649166382092,284.49640063970037,1.0,419.4890695375219,258.6054487449427,1.0,379.78670642179225,225.72421116681275,1.0,498.3977012409041,230.9921580413385,1.0,489.2513036669096,192.71442104945163,1.0,474.0523380048676,173.61492254159506,1.0,457.7445257863743,154.17510874818495,1.0,508.78500855840775,236.78231671391418,1.0,467.27807225865104,244.49297216577875,1.0,449.62244750460957,268.0014904808944,1.0,462.14621799643936,288.64045635590264,1.0,511.30408478420395,266.5003775505811,1.0,474.20619627578515,255.84770240397992,1.0,453.64732534799407,277.9726835730862,1.0,468.93808149678625,296.81617289511667,1.0,507.67295376272375,291.8492408268985,1.0,485.8728616557073,274.1544925252065,1.0,463.66696768211176,281.21007138351115,1.0,471.4663888577526,298.57791328697783,1.0,0.5518084336135679,-10.369142677460813,-3.234956634691446,10.841352116663186,-14.14159022682256,-31.798614569577904,33.79172333790208,1,OK,1,OK,0,thumb_chain_height_break,1,OK,1,OK,1,OK,1,OK
193,/data2/hrd/Dyn-HaMR/test/images/rgb/000194.jpg,6.433333333333334,1,0.035470716655254364,0.07334130257368088,0.8435878753662109,-2.9159447030269283,0.46018407973486297,1.5725462876639449,103.17884386057247,514.8340871414778,357.36341409543456,1.0,484.13043660728425,311.9212439140404,1.0,450.51275760636565,280.4528498874636,1.0,419.79511335603763,254.23198369366156,1.0,381.85854885190804,222.80765170320592,1.0,499.8771940618499,229.26751284082852,1.0,490.0997137469937,192.23806718179185,1.0,474.7584269073529,173.76089676257348,1.0,459.2136262037231,154.52832958955938,1.0,511.4276434956482,236.15337331201104,1.0,470.53312653780904,240.4156789706452,1.0,450.85091302622493,262.51595674606125,1.0,459.4594551732175,282.7961852544813,1.0,514.2423841812924,266.6410581531266,1.0,479.8701214953888,250.91407928255057,1.0,453.09285231763033,268.04905225473044,1.0,459.29146764543856,288.40166028697814,1.0,510.5897705033961,292.5548218622201,1.0,494.30132650884025,270.91801579896105,1.0,469.4397702721197,265.6675021460783,1.0,461.60468343157703,279.22324216935766,1.0,0.5353766842754903,-1.7876435583149197,-4.756411217160757,5.078372236157374,-4.067608563487921,-30.289704613352068,30.473603161722018,1,OK,1,OK,1,OK,1,OK,1,OK,1,OK,1,OK
194,/data2/hrd/Dyn-HaMR/test/images/rgb/000195.jpg,6.466666666666667,1,0.038363777101039886,0.07123683393001556,0.8504647016525269,-2.876967682159512,0.4588905198055658,1.5956396176526617,104.11328282795861,516.6024328760896,353.29048207169217,1.0,486.21740460995557,308.210199422012,1.0,452.9502658214301,277.30030509933454,1.0,422.1735513076155,251.80447189098663,1.0,383.2897111592174,222.15766698979405,1.0,503.6127717367117,226.94138008774462,1.0,492.41469707108035,190.32505278425015,1.0,477.0101200028778,171.86239486736667,1.0,460.9269814320535,152.78887050465164,1.0,516.0706669048659,233.81181108267492,1.0,481.23614591143996,228.76524457920186,1.0,455.20738685887,245.74662807612094,1.0,447.28187851602934,266.587914466593,1.0,519.3318083763406,263.92008293739286,1.0,493.01874951875016,240.96642732726787,1.0,461.71549204205974,251.186470282865,1.0,452.1041844957931,271.0020975504535,1.0,516.0308139141162,289.49218124738945,1.0,501.24175403471145,268.22807716792045,1.0,478.16877840765403,260.8481362877393,1.0,461.13750554097555,268.81661401290114,1.0,0.5412024889890966,-2.3147307803452835,-4.618399286483213,5.1615264520811515,-4.6647708624133335,-30.4261866420248,30.665910354672015,1,OK,1,OK,1,OK,1,OK,1,OK,1,OK,1,OK
195,/data2/hrd/Dyn-HaMR/test/images/rgb/000196.jpg,6.5,1,0.03619271516799927,0.07093305885791779,0.8278660178184509,-2.917661321778352,0.46434737413222854,1.580014345771509,103.70895802397891,519.1684944804274,355.9617120715411,1.0,488.4490834797987,309.39957729093476,1.0,454.6024815956821,277.13309507292547,1.0,423.83725690169285,249.87266940661766,1.0,384.1235394568048,217.9752582768897,1.0,504.98282047161865,225.85864449295696,1.0,494.89330699260336,188.47670890368317,1.0,479.13526747398066,169.733928546877,1.0,462.6797275576564,150.2665196570997,1.0,516.6590926055096,233.15888248738884,1.0,476.6065523943283,233.28332902613465,1.0,455.27570732818276,254.58809716561757,1.0,460.3570825386794,274.4695177049193,1.0,519.2595634872168,264.3006596053398,1.0,487.8485692176673,243.88308711427226,1.0,457.84538981985975,258.2251897747336,1.0,455.79153042882695,278.7689593150169,1.0,515.3503094931557,290.7150998668335,1.0,501.17258443668106,267.6941425151382,1.0,476.75186732145846,260.05501182422677,1.0,463.355494661937,270.83388473916057,1.0,0.538681706539878,-12.413039157768427,-2.722566956503521,12.690268674164527,-16.572667616839002,-32.296133870932096,34.93937057566406,1,OK,1,OK,0,thumb_chain_height_break,1,OK,1,OK,1,OK,1,OK
196,/data2/hrd/Dyn-HaMR/test/images/rgb/000197.jpg,6.533333333333333,1,0.036090731620788574,0.06973680853843689,0.8199047446250916,-2.9217350705754974,0.46149773383058984,1.5721856407254262,106.39075647664572,520.9698646517354,355.26254359996165,1.0,489.76353825638694,308.5133483685704,1.0,455.4313641264639,276.1586295208349,1.0,424.5785328232032,248.4448078841142,1.0,384.4248799868492,215.69775021991336,1.0,505.79486219907903,223.98408379661123,1.0,496.53028298579056,185.60686444013845,1.0,480.74156752922397,166.4783894069078,1.0,464.98814998111015,146.20996286483387,1.0,517.466807912424,231.18108588560108,1.0,475.17090148191255,235.27903844630055,1.0,456.24312948544843,257.99387258837106,1.0,465.499886323262,278.28906875867074,1.0,520.2047888960533,262.5469941624564,1.0,485.37153189683227,245.49301494805763,1.0,457.9468048310298,262.9092054288284,1.0,463.53813775566505,283.4433763984762,1.0,516.4074946036417,289.2017088132934,1.0,501.79483355753155,265.9960481198917,1.0,476.9226626158481,258.18623230103645,1.0,466.07939967083473,269.88527989592217,1.0,0.5554015080590627,-12.201775668032136,-2.856205093805476,12.512361446025938,-16.28512056855662,-32.153583796394656,34.7285877799237,1,OK,1,OK,0,thumb_chain_height_break,1,OK,1,OK,1,OK,1,OK
197,/data2/hrd/Dyn-HaMR/test/images/rgb/000198.jpg,6.566666666666666,1,0.03633396327495575,0.0690137967467308,0.8132573366165161,-2.924590293971805,0.457415868277242,1.5793465458123896,106.49432585173004,523.190896199929,355.1059996905242,1.0,492.11980344515854,307.66731086333857,1.0,457.61532596108583,274.66824219715653,1.0,426.04873317875774,246.98487631255875,1.0,385.9423325058809,213.7505853603228,1.0,508.83239999565257,222.27256404335517,1.0,498.6435540390339,183.4549579423171,1.0,482.52700819008453,163.8679223181607,1.0,465.8779789270447,143.38487020126863,1.0,520.4326136694672,229.54424351738075,1.0,478.1221197184637,233.17150972188756,1.0,458.5338478438338,256.03408793119877,1.0,467.65611139956417,275.8712206918635,1.0,522.8685424279886,261.1493787457802,1.0,488.5856656304252,242.37250495420648,1.0,459.84648340245764,259.0390110641583,1.0,464.70627060976364,280.2701260724519,1.0,518.7259568748395,287.98000241607497,1.0,504.5971004383635,263.86883168217724,1.0,479.61508634207433,255.68133525419006,1.0,469.12434770106853,266.97866012430603,1.0,0.5560472163124752,-12.510417813370092,-3.6835292401469104,13.009138969397153,-16.4728939571128,-31.32016932013637,34.07974127527306,1,OK,1,OK,0,thumb_chain_height_break,1,OK,1,OK,1,OK,1,OK
198,/data2/hrd/Dyn-HaMR/test/images/rgb/000199.jpg,6.6,1,0.040183112025260925,0.06618529558181763,0.8231374025344849,-2.8806627756190237,0.4508014741414035,1.594450375086236,108.77021573236517,525.5141893330365,349.40515849251824,1.0,494.30195946433014,302.94635715959157,1.0,460.0304722551318,271.05488209383657,1.0,427.9337701505501,244.88421894607382,1.0,386.99007937766146,213.5701402114355,1.0,511.99743420303275,218.93716961605242,1.0,499.8339902425723,181.54372986186354,1.0,484.27673230534674,161.57769371363975,1.0,468.01900658060276,141.00794077670434,1.0,524.6436074158264,225.86492377640752,1.0,506.892816006497,196.40364615747967,1.0,485.3760732329865,181.54936213562905,1.0,456.18567862969576,168.0141064326599,1.0,527.9063061856941,256.77845542853265,1.0,507.7127138407923,228.04390968944062,1.0,474.06677220338224,231.02059615239705,1.0,451.7782989156767,248.28343654500713,1.0,524.469181342407,283.059976846911,1.0,508.5509931365232,262.0265205975338,1.0,485.82428779257316,252.77995262789318,1.0,462.67873526210315,255.68367290977267,1.0,0.5702363613042999,1.4074157664834452,-6.489508974302957,6.637837269779787,-0.3355038532104775,-28.564143094306775,28.565529980655842,1,OK,1,OK,1,OK,1,OK,1,OK,1,OK,1,OK
199,/data2/hrd/Dyn-HaMR/test/images/rgb/000200.jpg,6.633333333333334,1,0.03745286166667938,0.06737673282623291,0.7993550300598145,-2.932441458524237,0.4500582442082784,1.5812048483841248,106.66689520562345,528.133611535259,354.50408105837295,1.0,497.06314460904787,306.3277263018954,1.0,461.9713604915626,272.7927996350274,1.0,429.56185632923246,244.8272254461645,1.0,388.6273134053451,210.75925116322802,1.0,513.9181655018019,219.31320341673623,1.0,503.03430771044077,179.65417772397694,1.0,486.110662431712,159.52775225850382,1.0,467.6280527107984,139.0884082632086,1.0,525.2484462488508,226.4967866301181,1.0,482.8482245265872,228.3777318971732,1.0,462.70007250358753,251.25127538786518,1.0,473.6641981867394,270.0687804212985,1.0,527.3001098967209,258.37987467467605,1.0,493.9609793791903,237.40968116659297,1.0,464.14811759946406,253.08184198715014,1.0,469.06978798850827,274.74945740744585,1.0,522.8127682467639,285.4260724432376,1.0,508.2999930835252,261.0775687128729,1.0,482.7684111972423,253.2421170531037,1.0,472.29366916985157,263.97024527015344,1.0,0.5571231082545124,-11.471262217186602,-3.4839450551005977,11.962130044984193,-15.324495959774167,-31.549820366642344,33.915796584210135,1,OK,1,OK,0,thumb_chain_height_break,1,OK,1,OK,1,OK,1,OK
200,/data2/hrd/Dyn-HaMR/test/images/rgb/000201.jpg,6.666666666666667,1,0.03654274344444275,0.06678284704685211,0.7923652529716492,-2.947220179814314,0.4348846885961548,1.5567355539498087,110.80418608843226,529.0742713069267,354.60557340933883,1.0,496.90741782878104,306.7428214907777,1.0,460.83773363231194,273.2898442538535,1.0,427.9404786820669,245.23760285748358,1.0,387.3252422065416,210.05958863647538,1.0,511.9451655113735,217.51422201387322,1.0,502.7587249356184,177.2865361704171,1.0,486.50007450127487,156.96063856681576,1.0,469.7365060381926,135.99238099105423,1.0,523.0846204122281,224.0786370875794,1.0,478.02615032284893,230.6254130199195,1.0,459.7132835687953,255.09734382169313,1.0,473.017049735864,277.09118450433016,1.0,525.4389023382464,256.0563453780684,1.0,486.7392536435691,241.46233314308847,1.0,461.6614302736107,262.0087556408753,1.0,474.78438071831243,282.50597975938217,1.0,521.2119234170605,283.32052182882035,1.0,502.56660229205954,260.2541816561443,1.0,476.5156720215032,259.7648706941686,1.0,478.80223292773826,276.4185255367811,1.0,0.5829172473774236,-11.091205049312464,-4.127468861378766,11.799023429810214,-14.750364714528434,-30.927750817005556,33.20242375382398,1,OK,1,OK,0,thumb_chain_height_break,1,OK,1,OK,1,OK,1,OK
201,/data2/hrd/Dyn-HaMR/test/images/rgb/000202.jpg,6.7,1,0.037645868957042694,0.06695221364498138,0.7895281314849854,-2.937894780180037,0.42007128176182434,1.5508724053682599,112.79317624903072,531.5410273558882,355.27455230182386,1.0,498.70597617836364,307.8420251149673,1.0,462.4540550364789,274.26742209785033,1.0,429.4401955792182,245.90763817277292,1.0,386.3578934184261,209.74604767449637,1.0,513.2644268889483,217.297445118115,1.0,504.09315273447345,176.5905041680538,1.0,487.7861176562912,156.25089440257824,1.0,471.0854880360813,135.29112628812194,1.0,524.7447726470757,223.23829603724457,1.0,479.59167535228363,230.85234756202652,1.0,462.15402695904686,256.03134231870933,1.0,476.73405692965315,277.6926492861485,1.0,527.5353784159051,255.01177605061332,1.0,487.78009084291324,242.48972048487502,1.0,464.40895549975494,264.6643833162834,1.0,479.16063216989073,284.57707724657485,1.0,523.6194940711357,282.20543700302613,1.0,503.83950965293326,259.7464803705258,1.0,478.44737221020824,261.2338817317657,1.0,482.96974430122265,277.8432373833778,1.0,0.595317702257151,-12.757154991227594,-3.9281825252999445,13.310972042299472,-16.666813381960836,-31.10933310915941,33.9659094761205,1,OK,1,OK,0,thumb_chain_height_break,1,OK,1,OK,1,OK,1,OK
202,/data2/hrd/Dyn-HaMR/test/images/rgb/000203.jpg,6.733333333333333,1,0.0374075323343277,0.06668690592050552,0.783842146396637,-2.9532614948210436,0.4182558779246951,1.5412601932007413,115.26416058654013,532.7901052300458,355.69669990691,1.0,499.7848998135187,308.04557851214486,1.0,463.1135051183842,274.3086254919999,1.0,429.4591966593862,246.2697312328064,1.0,386.19392445131416,210.27704341035496,1.0,513.4966233691839,216.65182047144663,1.0,504.40354470192733,175.79682233726453,1.0,488.4826529762297,155.25074526739445,1.0,472.57426789217,133.960184311205,1.0,524.5569311381087,222.56274211654772,1.0,478.8149458768927,231.62878347509786,1.0,461.5357718769708,257.372734580014,1.0,477.43110220436915,279.34535223853527,1.0,527.1470500859514,254.54210758952047,1.0,486.1651536244758,243.9644308852737,1.0,464.6487457325742,267.5512526391053,1.0,483.3823668276343,286.25003357932155,1.0,523.0862051471813,281.9396367000145,1.0,500.85161165218733,260.9953886489285,1.0,477.5117413361285,267.6281744352434,1.0,488.4652716963076,284.0815069944174,1.0,0.6107231730296052,-13.245209461859641,-3.9691321875511205,13.787606541541816,-17.202713441677208,-31.08482795671785,34.12660492487945,1,OK,1,OK,0,thumb_chain_height_break,1,OK,1,OK,1,OK,1,OK
203,/data2/hrd/Dyn-HaMR/test/images/rgb/000204.jpg,6.766666666666667,1,0.03752036392688751,0.06675209105014801,0.7824199795722961,-2.9631927312581148,0.41382951591327083,1.5456136444470154,115.00743166379007,533.4032482772727,356.0106668462322,1.0,500.9089324085001,308.07793002221234,1.0,464.1774336996468,274.2192970927499,1.0,430.35773959778146,246.27974437854544,1.0,387.54171822619054,209.88977978774832,1.0,514.9712710601943,216.37723689741506,1.0,505.8772022662136,175.2466448256261,1.0,489.60770576376336,154.555732426943,1.0,473.1676194198635,133.11143399498786,1.0,525.6491514921042,222.2562750931229,1.0,479.76068975462755,231.15843979853406,1.0,462.7377382694082,257.0747573117748,1.0,480.3649781126694,278.2677550040171,1.0,527.7433732736245,254.23602520806418,1.0,486.71905963591297,243.3061856088314,1.0,465.18949633171775,267.0464830512621,1.0,484.1464886924435,285.9975516346549,1.0,523.281731492516,281.5925403738008,1.0,500.17384952699103,261.3025420414351,1.0,477.10994665074776,268.5621554823418,1.0,488.8548756024056,285.83335989898234,1.0,0.6091225842052114,-12.975621261331884,-4.338935939224759,13.636001936117491,-16.833285642243005,-30.730117784899708,33.70448682308046,1,OK,1,OK,0,thumb_chain_height_break,1,OK,1,OK,1,OK,1,OK
204,/data2/hrd/Dyn-HaMR/test/images/rgb/000205.jpg,6.8,1,0.03668930381536484,0.0665210708975792,0.7746356725692749,-2.9668448409544363,0.42616270539945267,1.5402563323568386,114.5543863802204,534.2463714472378,356.77813417476017,1.0,501.27645627464034,308.27830638264277,1.0,464.4158425473502,273.81252275116367,1.0,430.2049592911429,245.47035595426433,1.0,387.8643236832013,209.0647576614389,1.0,514.9419325054978,216.1903688970548,1.0,505.24098122139577,174.80919702617516,1.0,488.9178855274142,153.74836912682804,1.0,472.48013934153164,131.84512816592604,1.0,525.6379653644335,222.44242748707316,1.0,479.04282619652554,231.5961629330236,1.0,462.852965986417,257.95861814039966,1.0,483.6582583122642,278.33392747165607,1.0,527.8503076829859,254.88365365780044,1.0,486.1037406868532,245.00851638766432,1.0,466.46129715349076,269.6225534192131,1.0,489.59318622032765,286.6685673669297,1.0,523.4453970428976,282.63803703907143,1.0,499.99231489339735,262.34602205875245,1.0,478.7205658639963,272.2181645763726,1.0,494.0808882575723,288.5596693347232,1.0,0.6062980515812346,-12.516563902312894,-4.7522848254251615,13.335995212069879,-16.235750863369123,-30.31537225510967,33.153135537632664,1,OK,1,OK,0,thumb_chain_height_break,1,OK,1,OK,1,OK,1,OK
205,/data2/hrd/Dyn-HaMR/test/images/rgb/000206.jpg,6.833333333333333,1,0.037421002984046936,0.06702034920454025,0.7809973359107971,-2.965047644949708,0.4083539942434641,1.536040887917616,115.47514697505936,533.6082850729554,356.6231206032662,1.0,500.64746295456644,309.08725394233807,1.0,463.96643011667607,274.99559811897507,1.0,430.25407296493086,246.57474309503095,1.0,387.45730533341884,209.83741192454,1.0,513.9528717107851,216.7819382749749,1.0,505.1241520066469,174.92626552916954,1.0,488.96688318923225,153.76747076138963,1.0,472.54127889516724,131.7654770704885,1.0,524.6709102116938,222.31713086418176,1.0,478.6204549305964,231.43078919768323,1.0,462.0594783131878,257.78703235977156,1.0,480.6072590720703,279.4768767723476,1.0,527.02331914345,254.15355177814138,1.0,485.5752991473878,244.5359837456217,1.0,465.93633379796984,269.2196664340295,1.0,486.80319010608173,287.56088018856553,1.0,522.7999159328647,281.45858909323715,1.0,499.3576176733086,261.5068801153037,1.0,477.8896035486099,271.1191090398338,1.0,492.12550843083704,288.3651151546169,1.0,0.6120385778229009,-3.00335084195088,-7.324494108260425,7.904023456177614,-5.183597670087836,-27.789850920038944,28.136303498245592,1,OK,1,OK,1,OK,1,OK,1,OK,1,OK,1,OK
206,/data2/hrd/Dyn-HaMR/test/images/rgb/000207.jpg,6.866666666666666,1,0.03772673010826111,0.06748974323272705,0.7835497260093689,-2.966967925408654,0.4047258808391375,1.5382569501475771,116.55601483380208,533.4245306699886,356.99745152360265,1.0,500.76822080518104,309.56154714249715,1.0,464.06150219594565,275.71648161291705,1.0,430.17977960255666,247.71252579904876,1.0,387.3496653971961,211.26756136985205,1.0,514.182480650572,217.36412745906273,1.0,504.67798421058615,175.76884290517046,1.0,488.71321590698517,154.53660516895616,1.0,472.9440240174133,132.15428583198081,1.0,524.7793912087327,222.78005810648392,1.0,478.8138906135191,231.5458005629771,1.0,461.7905216682411,257.8615184307539,1.0,479.75860414723684,279.7073186393354,1.0,526.9845681686456,254.4647907554844,1.0,485.6521606554006,244.65993162927407,1.0,465.43523784290755,269.2231015845837,1.0,486.2110739647096,287.4149253429114,1.0,522.6450815934913,281.6534514972773,1.0,498.6260623357757,262.449608525475,1.0,477.5584856451105,272.86857519814475,1.0,492.8308122472972,289.03997644919036,1.0,0.6187773005068049,-3.1544100024044774,-7.239695619060423,7.883755745499433,-5.368032313733729,-27.86831952369273,28.23798570401759,1,OK,1,OK,1,OK,1,OK,1,OK,1,OK,1,OK
207,/data2/hrd/Dyn-HaMR/test/images/rgb/000208.jpg,6.9,1,0.03833652287721634,0.06768298894166946,0.789162814617157,-2.9757764589880242,0.4004863383302131,1.5387477602086643,114.26000097488418,532.7367359420007,356.4935768059149,1.0,500.7117794525013,309.30969739141074,1.0,464.26364446512963,275.7478716143266,1.0,430.48038149015827,248.12091071488044,1.0,387.67139196203243,212.5195524661085,1.0,513.9779948247403,217.7791270025688,1.0,504.266003439458,176.7843624657277,1.0,487.7808548378552,156.06563877215194,1.0,471.0784779839028,134.42598151355924,1.0,524.2040495416625,223.1417253310242,1.0,478.37361095574204,232.34820695377886,1.0,461.9412451010838,258.4291135615848,1.0,479.72243075000483,280.2291586211507,1.0,526.1018266643775,254.56232475522404,1.0,485.0248039921301,244.70047378559093,1.0,465.3323042768913,269.13058345525684,1.0,486.63080097355856,287.0744380254035,1.0,521.5843545911064,281.5325510142895,1.0,498.87453708128334,261.1349032765892,1.0,477.2975322157072,270.012446002168,1.0,490.9444207866862,286.21671659181476,1.0,0.6044626916038762,-2.839711461073208,-7.278565931986395,7.801892008951447,-5.015971860802099,-27.815920605316283,28.1399242625332,1,OK,1,OK,1,OK,1,OK,1,OK,1,OK,1,OK
208,/data2/hrd/Dyn-HaMR/test/images/rgb/000209.jpg,6.933333333333334,1,0.03842925280332565,0.06804508715867996,0.7914784550666809,-2.9790554305173176,0.40703684320356465,1.5317574006167332,114.2517897933947,532.2416674256735,356.7134685118035,1.0,500.0825028422232,309.76723938766736,1.0,463.59402137437297,276.51416102323736,1.0,429.9491621090683,248.9563801240863,1.0,387.2088215820301,213.5936768044336,1.0,512.7063582370013,218.7704974036169,1.0,503.3240308531352,177.81966500005547,1.0,487.0309655736533,157.12775691656924,1.0,470.62756340005114,135.52457289967242,1.0,522.857002501355,224.25132765358026,1.0,477.2110498747094,233.69661166233146,1.0,460.4579170742124,259.4240344868058,1.0,476.7884622800362,282.11293100703614,1.0,524.8901917928506,255.6708180489348,1.0,483.934693853695,246.07370381442917,1.0,464.25683818162616,270.3161120604134,1.0,485.3426377401704,288.1228175087628,1.0,520.5394053842331,282.65288163970945,1.0,498.4360428612329,261.8445992532896,1.0,476.46303984660585,270.04170559888183,1.0,489.4990869324668,286.4145442189526,1.0,0.6044114985977033,-2.8189399439110914,-7.501776681318385,8.002696381793346,-4.994859541375553,-27.580814431728694,27.906676261269755,1,OK,1,OK,1,OK,1,OK,1,OK,1,OK,1,OK
209,/data2/hrd/Dyn-HaMR/test/images/rgb/000210.jpg,6.966666666666667,1,0.038731977343559265,0.06829149276018143,0.7937348484992981,-2.983152739991832,0.41066200587007884,1.529589552611524,114.55511391076853,532.1281747653029,356.7696627988171,1.0,500.08990157339895,309.90497352486454,1.0,463.6489879876899,276.8284826221334,1.0,429.95814904068084,249.66453146493404,1.0,387.99573253663766,215.26454728161934,1.0,512.4599260658988,219.319038320652,1.0,502.6809697050453,178.57547314109252,1.0,486.4976795117798,157.84471492390549,1.0,470.61126068057774,135.9074516152141,1.0,522.4703636956701,224.88409435652738,1.0,476.85786470902883,234.37773698962428,1.0,459.25609696295624,259.7986768016393,1.0,473.71038032711226,283.6838768761272,1.0,524.4491951923874,256.2764854279884,1.0,483.5124641459407,247.0395790290395,1.0,463.2154590473476,270.9442455133644,1.0,483.7569090654813,288.8876614449118,1.0,520.0765257879129,283.2414751407755,1.0,497.57410857685954,262.99957284444713,1.0,475.68527366646384,271.2610682098518,1.0,488.61342297344436,287.27854705268055,1.0,0.6063025874054506,-3.1474627127965285,-7.166927941896684,7.81450942143084,-5.387344462037992,-27.912091883146008,28.283432852266557,1,OK,1,OK,1,OK,1,OK,1,OK,1,OK,1,OK
210,/data2/hrd/Dyn-HaMR/test/images/rgb/000211.jpg,7.0,1,0.038694724440574646,0.06906157732009888,0.7979719042778015,-2.9581348425082794,0.40343687369789666,1.546615508000864,111.83984410411432,531.1819327165697,357.3650584348725,1.0,499.1437344150448,310.572988018995,1.0,463.18232172446216,277.2568803614061,1.0,429.7499260584991,249.96386744508146,1.0,389.0193924783477,215.66618042687332,1.0,513.193203907261,219.98903665433681,1.0,502.41408472340845,178.8677356942329,1.0,485.30756845614934,158.278046711559,1.0,468.0260430358256,136.50747972428994,1.0,523.9637852100288,225.3365715547643,1.0,478.7250401881225,233.67480211927312,1.0,461.0026994410039,259.15248394338687,1.0,476.25714703801304,281.5481679529257,1.0,526.221145259499,256.48330296464786,1.0,486.0422440496259,245.4481254803689,1.0,464.3264505449021,268.871532130609,1.0,483.36300484319537,287.32596901188845,1.0,521.955057711458,283.20320222695165,1.0,500.95220998546273,261.73867955434963,1.0,477.3988306607992,268.12333119140504,1.0,488.2751827205011,284.67915201849,1.0,0.5893741071189667,-3.4741114556570607,-7.039496098124998,7.83474458590014,-5.758430858535718,-28.013863884226136,28.435228553560645,1,OK,1,OK,1,OK,1,OK,1,OK,1,OK,1,OK
211,/data2/hrd/Dyn-HaMR/test/images/rgb/000212.jpg,7.033333333333333,1,0.03914352506399155,0.0693102478981018,0.8023685812950134,-2.969917201621543,0.4135714601451389,1.5436684190544308,111.58918306008133,530.7247580311869,357.1317115160091,1.0,499.1294095337198,310.313686176024,1.0,463.21886201325265,277.34874580300675,1.0,429.8351060419409,250.4529049346977,1.0,389.00307053640427,216.2699126771222,1.0,512.7469524263406,220.83337066107651,1.0,502.0963827847427,180.20921665338028,1.0,485.33886855608466,159.5950155223327,1.0,468.39859785324643,137.85756659503568,1.0,523.0761222408264,226.55860669387584,1.0,478.0130737765435,235.14057758375975,1.0,461.1073629339162,260.5417367474707,1.0,478.6384124275076,281.63670613673366,1.0,525.0573427539566,257.7700601456967,1.0,485.1830631688531,246.42303067958755,1.0,463.62343918175975,269.35053467398325,1.0,483.7748469355349,287.70489736792433,1.0,520.6394200051081,284.50854857474815,1.0,500.53930591444123,262.4186845001737,1.0,476.7955838796157,267.32821029039746,1.0,487.23353874467557,283.90596249260716,1.0,0.5878113487764611,-3.104217230614337,-6.213818287788533,6.935247071431321,-5.392684714742718,-28.817942129247278,29.170356300312463,1,OK,1,OK,1,OK,1,OK,1,OK,1,OK,1,OK
212,/data2/hrd/Dyn-HaMR/test/images/rgb/000213.jpg,7.066666666666666,1,0.0382772833108902,0.06881851702928543,0.798858642578125,-2.9491811902657075,0.4227312137987237,1.5473118305939428,110.55084427774214,530.1908739452581,356.86259643703914,1.0,497.9148866612074,309.8438283641044,1.0,462.0369596977689,276.6838988157433,1.0,428.7379788234963,249.56521388243408,1.0,388.13758351622045,216.668687805839,1.0,511.9972508158365,220.44624812174152,1.0,500.711855436996,179.8708877188571,1.0,483.4595870999448,159.52470253986638,1.0,465.9401871156594,138.13051846334565,1.0,523.0763862346237,226.40908794882125,1.0,477.9095705630766,234.75526674095573,1.0,460.122207042106,259.87086625897103,1.0,474.176696161507,282.58773051485696,1.0,525.6652558030339,257.8651708252088,1.0,486.0493556797631,245.71922405269987,1.0,462.69617765014664,267.9087029006293,1.0,479.86750430636386,287.123115694599,1.0,521.6532231643771,284.8193421460007,1.0,503.9415589408454,261.14718419276704,1.0,478.47806394152195,261.4044861729407,1.0,483.0295927446941,277.70609328471375,1.0,0.581337775666178,-2.222144010762923,-6.263370414807098,6.639997303798162,-4.3853211405563055,-28.788688044789467,29.02252460049889,1,OK,1,OK,1,OK,1,OK,1,OK,1,OK,1,OK
213,/data2/hrd/Dyn-HaMR/test/images/rgb/000214.jpg,7.1,1,0.038763098418712616,0.06871083378791809,0.8095356822013855,-2.9490569451550583,0.40976235647871834,1.5443304585747495,111.73014978433676,528.113918092994,355.15953741756493,1.0,496.1268256538747,309.1195400086717,1.0,460.57115251383743,276.5613679194694,1.0,427.6488048267347,249.8546436477061,1.0,387.42712781110095,217.47878489733284,1.0,509.87906219623846,220.2509541786667,1.0,499.6164357053922,179.9031396281389,1.0,482.93781078319023,159.73908427283095,1.0,466.3590065365704,138.4004383560823,1.0,520.8901261370183,225.67056866010762,1.0,476.2825128236859,234.95755717252268,1.0,458.3440534336014,259.8934045103133,1.0,470.9999472270999,283.67810713423796,1.0,523.5521601227347,256.4903332388046,1.0,483.71299557253246,246.5138920290467,1.0,461.5470366318086,269.26321435620866,1.0,478.8366517269261,288.1858770902072,1.0,519.6931231443332,282.9587331650923,1.0,500.8785505293454,260.40163974438616,1.0,476.017184435333,262.4277991666141,1.0,481.9219490614389,279.3487724988522,1.0,0.5886902126030908,-2.5306685429684004,-6.449314756439279,6.920297230846595,-4.731765102735361,-28.60888096844022,28.883937182304788,1,OK,1,OK,1,OK,1,OK,1,OK,1,OK,1,OK
214,/data2/hrd/Dyn-HaMR/test/images/rgb/000215.jpg,7.133333333333334,1,0.03861955553293228,0.06888139247894287,0.8122746348381042,-2.950805744515789,0.40681693827367843,1.5366003321834134,111.11231347572149,527.2978751416056,355.0454432468214,1.0,495.0764282365847,309.41180041105935,1.0,459.46683940149677,277.1006302591125,1.0,426.7973111247187,250.29763715748868,1.0,386.12767542791454,217.74925956636193,1.0,508.1635379091428,220.49873914418822,1.0,497.6540300547046,180.12229320059242,1.0,480.80164494243246,160.08790061148466,1.0,464.197946657626,138.6861268429093,1.0,519.1613883013531,225.72768806026247,1.0,474.64112930008235,234.3942600895607,1.0,457.05189108099785,259.45000661566036,1.0,470.01646462449077,283.00320924897824,1.0,521.9957625029474,256.41898792984813,1.0,482.4401458835689,246.02486705645714,1.0,459.91599792765084,268.5188859957232,1.0,476.0082836010033,287.67526615821106,1.0,518.3037908689505,282.8176012197294,1.0,501.63120882577914,259.1823552380874,1.0,475.93794581685717,255.76937189903515,1.0,475.111031100916,271.28630045956487,1.0,0.5848382824026239,-1.27210710368575,-6.9456085817474165,7.058913478306927,-3.312189805032808,-28.088489793344205,28.227828281964022,1,OK,1,OK,1,OK,1,OK,1,OK,1,OK,1,OK
215,/data2/hrd/Dyn-HaMR/test/images/rgb/000216.jpg,7.166666666666667,1,0.03730008751153946,0.06824664026498795,0.8123286962509155,-2.964492851089818,0.42136615151672635,1.532973941812739,111.18618550192468,525.2008138276244,354.07481023856536,1.0,493.2597989453322,308.10006369432784,1.0,457.43407817377994,276.1334647228837,1.0,424.42109187148037,250.0607877861312,1.0,384.8113117106259,219.47302883784263,1.0,505.9803247015291,220.05080657568337,1.0,495.29724463560296,180.20568088796668,1.0,478.46052098557163,160.37345514153276,1.0,461.82250393961976,139.27549696848047,1.0,516.5916284255,225.82553199636308,1.0,472.0546799973138,235.13070635534177,1.0,454.3805093359779,259.7544586458806,1.0,467.9917821561948,282.5003806134344,1.0,519.1660633111778,256.8014380079681,1.0,479.4446802498205,246.8383503389162,1.0,456.985817093899,268.93506699903975,1.0,474.67604239104014,287.2234490747137,1.0,515.3119387193992,283.3961131802277,1.0,498.9047650837976,259.47286320304914,1.0,473.3705559670207,255.62997162208836,1.0,472.44113853415735,270.7645273037088,1.0,0.5852988411052024,-2.4468717674404563,-6.301780376395165,6.753050714060916,-4.628234250159876,-28.768152174619658,29.028838140809015,1,OK,1,OK,1,OK,1,OK,1,OK,1,OK,1,OK
216,/data2/hrd/Dyn-HaMR/test/images/rgb/000217.jpg,7.2,1,0.038672126829624176,0.06806602329015732,0.8195880055427551,-2.9237648682681283,0.4462306882721287,1.5476080679144784,107.64635363888166,525.5062588005724,352.7998692142937,1.0,493.1191642275905,306.7975240705758,1.0,457.55581717342403,275.29710062444974,1.0,424.6958239054911,249.48279153406128,1.0,384.23101098453236,219.0010588382041,1.0,507.0201799526937,220.64831991179744,1.0,493.685541850793,181.0012778208038,1.0,476.1441864703118,160.86975901480037,1.0,457.42309534931127,140.06655283426272,1.0,518.8210638944304,227.051216210429,1.0,476.6066801684703,230.2151450961125,1.0,458.2149152838477,254.0858997686426,1.0,473.81455235936073,271.6184945124751,1.0,522.2781580907504,258.1601167028887,1.0,488.1702293792405,239.17050290946491,1.0,459.2776882765247,255.98242481686123,1.0,467.1713448772157,277.535281530297,1.0,518.9797323289943,284.8572905209924,1.0,504.40434254841847,261.1809862560636,1.0,478.9266752223701,255.00697176670184,1.0,471.86944530665977,268.14062888736834,1.0,0.5632295889947351,-3.2914784839228033,-5.418736582441792,6.32993637522966,-5.656778623373161,-29.65060017011137,30.019373355148755,1,OK,1,OK,1,OK,1,OK,1,OK,1,OK,1,OK
217,/data2/hrd/Dyn-HaMR/test/images/rgb/000218.jpg,7.233333333333333,1,0.03644914925098419,0.06799236685037613,0.8130323886871338,-2.954908752537028,0.4448780115823932,1.5287510254765546,109.11481122175857,523.7449266056747,353.57901720296104,1.0,491.2574361421666,307.4932598559135,1.0,455.1860626414539,276.0039454285734,1.0,421.9654545920175,250.23617689300147,1.0,381.44992459217247,219.7540369205608,1.0,503.6326869999307,220.51060447673171,1.0,490.4754545455414,180.41191999989132,1.0,472.8846391858244,160.0200392045008,1.0,454.40588447680057,138.61545210869372,1.0,514.6667499172099,226.84801007130318,1.0,471.35334393720893,232.75817363599162,1.0,455.134899362085,257.56616730900765,1.0,473.45221821227216,274.0794243515361,1.0,517.7705977024898,258.1302996914226,1.0,480.7437388487514,242.81297406345425,1.0,455.5429172783531,262.95463724011734,1.0,471.2693546351373,282.13125119841925,1.0,514.2731776623841,285.01316119162357,1.0,497.66019151452247,261.4880668698004,1.0,471.6655258828175,260.26108361496324,1.0,473.1701851338768,276.1739649415531,1.0,0.572384758467157,-11.624823451975422,-5.023961269878713,12.610451498068835,-15.20599039887996,-29.98155077076897,32.52741890676437,1,OK,1,OK,0,thumb_chain_height_break,1,OK,1,OK,1,OK,1,OK
218,/data2/hrd/Dyn-HaMR/test/images/rgb/000219.jpg,7.266666666666667,1,0.035251863300800323,0.06764194369316101,0.8156227469444275,-2.982549219268461,0.41943720537764323,1.5166424884896452,111.54967551288665,521.2488577102849,352.68420112670174,1.0,489.2784745895424,307.2518955345331,1.0,452.983879692913,276.22593805985525,1.0,419.4189224320362,251.18493566483426,1.0,377.7867703851407,220.68188704317708,1.0,500.5369833364857,219.29065293111307,1.0,487.72444525376386,179.33295623047707,1.0,470.18465101029466,159.15073565663806,1.0,452.36371804170494,137.72642317695318,1.0,510.7250019302692,224.8362442061739,1.0,466.62677011024937,233.42977451435854,1.0,450.15077017106296,258.6353588464649,1.0,466.37003661000585,278.9429701034437,1.0,513.2883951363465,255.61327470546354,1.0,474.09139135152867,244.50204116396208,1.0,451.5969146976231,266.6294218001724,1.0,470.1610230372587,284.6684609720396,1.0,509.47489121081435,282.1434554751154,1.0,489.69838268322883,260.42063804415636,1.0,465.09953168225104,264.1123519452759,1.0,472.8445326744355,280.53947811698845,1.0,0.5875650370721092,-12.473952379654632,-5.971762063009397,13.750262250972254,-16.00764801746253,-29.019773895872873,31.986909277181624,1,OK,1,OK,0,thumb_chain_height_break,1,OK,1,OK,1,OK,1,OK
219,/data2/hrd/Dyn-HaMR/test/images/rgb/000220.jpg,7.3,1,0.034571364521980286,0.0677344799041748,0.8169217705726624,-2.9833390486732174,0.4170128512038736,1.517479196088127,111.95085555956564,519.9782791387472,352.6665884832261,1.0,488.0819440123043,307.24251245321494,1.0,451.74037388883545,276.2786893976627,1.0,418.09204750046536,251.30869503035177,1.0,375.917165755079,220.3256411441072,1.0,499.42368933539973,219.2322996180404,1.0,486.43115484826717,179.28885576228882,1.0,468.92032015175795,159.13862900722415,1.0,451.3960521941376,137.64594737085704,1.0,509.59843421911864,224.74161319646993,1.0,465.5070365964514,234.51302407753684,1.0,449.38151161353807,260.02452479321425,1.0,467.7987985029406,279.55788382140463,1.0,512.1142821615003,255.5004602528627,1.0,472.5145939307682,245.55014703249475,1.0,451.4410772642098,268.50045667198196,1.0,473.8348950783309,285.0922749824355,1.0,508.2518372129659,282.00270815851036,1.0,487.5834081557717,260.98840410979943,1.0,463.5879962064909,266.0784237499258,1.0,474.028193517394,282.4240158699337,1.0,0.5900662133805897,-14.793406032760801,-5.800480121213746,15.798990133956513,-18.635845384461636,-29.15348307474835,33.097610153769,1,OK,1,OK,0,thumb_chain_height_break,1,OK,1,OK,1,OK,1,OK
220,/data2/hrd/Dyn-HaMR/test/images/rgb/000221.jpg,7.333333333333333,1,0.034002646803855896,0.06735700368881226,0.8217263221740723,-2.9713921363453357,0.412777745732421,1.527667633209722,111.8773803114641,517.9721134876345,351.4299257491257,1.0,486.32246252079744,306.207452934269,1.0,450.76094194082543,275.23312623083393,1.0,417.94396870986475,250.3622687443509,1.0,377.25448658378446,219.7465483865344,1.0,498.5196070985726,218.55277112050044,1.0,485.35415321615847,178.94561419528873,1.0,468.34912971972943,158.68612453956484,1.0,452.10726769177063,136.59843123553765,1.0,508.8927216316479,223.88971011811145,1.0,464.74711823022875,232.3856345513318,1.0,447.56849899275994,257.292295793747,1.0,464.8234474732461,278.07470959533066,1.0,511.41191263016026,254.37877652378796,1.0,472.10837973289756,244.03661872152907,1.0,450.69392067092554,266.5073391571864,1.0,472.7570536753211,283.4116593247586,1.0,507.56086022355885,280.63793753142727,1.0,486.52067595992094,260.1544898809502,1.0,463.4290925488193,266.58105493448625,1.0,475.9154429585001,283.21003424103355,1.0,0.5896081284101815,-4.6639938922492945,-7.720598688789468,8.991111445714695,-7.079979768958295,-27.272743406832447,27.936395759330964,1,OK,1,OK,1,OK,1,OK,1,OK,1,OK,1,OK
221,/data2/hrd/Dyn-HaMR/test/images/rgb/000222.jpg,7.366666666666666,1,0.03349980711936951,0.06709453463554382,0.8252055644989014,-2.997979671076479,0.39558743749833336,1.5216772920192982,110.33314296031689,516.2426464912232,350.56077735972394,1.0,485.4106966566146,305.76012075560357,1.0,450.21342038228454,274.69434609375776,1.0,417.5978801355259,250.0059021289253,1.0,377.4532652330836,219.55929535203995,1.0,496.9391277702157,217.81262775603227,1.0,482.7095745316226,178.75674280280145,1.0,465.48173408410685,158.7201229355942,1.0,449.791077239337,136.24877146910148,1.0,506.42615910677614,222.66210831148237,1.0,462.29714414307875,232.0258568278955,1.0,445.3400089482657,257.19266241026946,1.0,462.4043893360082,278.70264537472167,1.0,508.2453995415808,252.73390369918718,1.0,468.6319220457152,243.7302511045823,1.0,448.51104621428567,266.99505730931696,1.0,472.33856182489274,282.7796561867517,1.0,503.9513634885334,278.66918142317536,1.0,482.1757181521532,258.97925504820523,1.0,460.36822883199204,266.667324791229,1.0,474.85733481913576,282.7422343411222,1.0,0.5799805063254504,-4.922356837311901,-8.672519735488157,9.935427676306055,-7.286784389294387,-26.32200576849374,27.065521098557046,1,OK,1,OK,1,OK,1,OK,1,OK,1,OK,1,OK
222,/data2/hrd/Dyn-HaMR/test/images/rgb/000223.jpg,7.4,1,0.03303341567516327,0.06743013858795166,0.8271467089653015,-2.9945929949583676,0.3860528065576183,1.525505002400154,106.7840174814169,515.058453929646,350.80724406247464,1.0,484.36442893525805,306.2156605618584,1.0,449.5890078881316,274.80464046535235,1.0,417.1594876106683,249.86454546151447,1.0,376.40211482271116,218.71894506689023,1.0,496.2484626508376,218.06919121228566,1.0,479.8276780158244,179.7557586287876,1.0,461.7262754802242,160.2257343459769,1.0,445.839588962805,137.5939577047011,1.0,505.82513984572233,222.63850360664946,1.0,461.7621571541514,231.94812131699155,1.0,445.365351199463,257.52308047303177,1.0,464.2239047994952,277.87370837855406,1.0,507.62328263238487,252.4789864389283,1.0,467.9684491018679,243.88602245436618,1.0,449.34593938094713,267.97101009761445,1.0,475.16783700075644,281.89188057110005,1.0,503.309528253832,278.21895133165253,1.0,481.8398276773555,258.2628848343384,1.0,460.87086336706966,267.2056940703833,1.0,477.34804005828437,281.83454645521533,1.0,0.5578533127196519,-6.104244003103519,-8.867372036027632,10.710837954863,-8.572559289346355,-26.15840992183888,27.19285369034147,1,OK,1,OK,1,OK,1,OK,1,OK,1,OK,1,OK
223,/data2/hrd/Dyn-HaMR/test/images/rgb/000224.jpg,7.433333333333334,1,0.03289046883583069,0.06767686456441879,0.8295961022377014,-2.983504350785787,0.36406186594749185,1.534388491275139,104.27302209714152,514.2747970003165,350.85826314474133,1.0,483.71635195184655,306.701750892511,1.0,449.4836830522724,274.78251780418805,1.0,417.2343837184611,249.79251555097477,1.0,377.09983440949264,217.7794071653534,1.0,496.40904987161775,217.9108053990852,1.0,477.8222222528714,180.1656114214517,1.0,459.1095339064522,160.83982421755354,1.0,443.6715915769528,137.52316575754958,1.0,506.2479929069511,221.79335709249426,1.0,462.3740336068893,231.6787113141254,1.0,445.3851204979334,257.6199453721675,1.0,465.01734316508964,277.8092897411734,1.0,508.09757387250465,251.1187776028077,1.0,468.23912782305797,243.82620789006387,1.0,450.2570734338589,268.9476469824852,1.0,478.0850324702307,281.141297727441,1.0,503.7935011467883,276.4865455472627,1.0,481.2611589470048,257.86899844706966,1.0,461.30376869911265,268.865017513316,1.0,480.0147689814177,282.266187268808,1.0,0.5421983911505368,-6.673661721909637,-9.5895752141929,11.613225199880645,-9.106326754832244,-25.44001748454148,26.655287073175785,1,OK,1,OK,1,OK,1,OK,1,OK,1,OK,1,OK
224,/data2/hrd/Dyn-HaMR/test/images/rgb/000225.jpg,7.466666666666667,1,0.03329207003116608,0.06755416840314865,0.8290472030639648,-2.9892687011035717,0.3552252442125408,1.5252203894291192,100.95295304055257,514.4981208671088,350.7018420939894,1.0,483.90760196697556,307.1072271077428,1.0,449.92626010813865,275.00381597377145,1.0,418.12356630493014,249.36114578795764,1.0,377.0222126039371,217.17129817330715,1.0,495.6508071839153,218.1286253360613,1.0,474.9424441668541,181.012613328905,1.0,455.15638980746553,162.1894586659473,1.0,439.9062838916998,138.19603428717892,1.0,505.23756628533556,221.6102708817907,1.0,461.378217889275,231.75219397886121,1.0,445.0554373009054,257.91752303723405,1.0,463.4252751424716,279.4511503700933,1.0,507.1203613622547,250.61005216619333,1.0,467.13128991098677,244.66544647923502,1.0,450.6984573602849,270.08271279626115,1.0,478.5141033241598,282.5192661449346,1.0,502.959978589859,275.77413279109624,1.0,479.3537326960213,258.6805425718372,1.0,460.94495825186095,271.14711660046396,1.0,480.2680009461769,284.0196368457291,1.0,0.5214992608333597,-7.947720430637391,-9.17643422815744,12.052330429204229,-10.506134852020587,-25.84515521894869,27.414774924121854,1,OK,1,OK,1,OK,1,OK,1,OK,1,OK,1,OK
225,/data2/hrd/Dyn-HaMR/test/images/rgb/000226.jpg,7.5,1,0.03340282291173935,0.06795133650302887,0.8318896293640137,-2.9986438716667836,0.3332458150918653,1.5223210432815972,96.3202965910955,513.5638288175396,350.87355159944855,1.0,483.4122673379413,308.06948538164824,1.0,449.983137656116,275.7255977098066,1.0,418.97337172888126,249.12881020084632,1.0,376.47579727235524,216.05487158346418,1.0,494.80398789467534,218.72105860862453,1.0,472.1583981457273,183.0970269822962,1.0,451.6305267352109,165.318030451114,1.0,436.99079395760293,141.11800007429946,1.0,503.99868487321754,221.50486544702048,1.0,460.10712622413183,231.0377638694772,1.0,444.7131661178743,257.46829167760364,1.0,462.8692227811807,279.7963403733981,1.0,505.56717110919027,249.91549149075098,1.0,465.65796085331453,245.058766817788,1.0,450.77034650973656,270.88148077521447,1.0,478.60949174433944,283.126245999556,1.0,501.2769609053551,274.5988964328256,1.0,476.77552096439587,259.3867090513979,1.0,460.7284323229081,273.8560381022532,1.0,481.44047829551465,285.543232614109,1.0,0.49261674124488397,-7.995870479762825,-10.441039296817895,13.045638131342782,-10.420882540174025,-24.56851427152849,26.232997804273413,1,OK,1,OK,1,OK,1,OK,1,OK,1,OK,1,OK
226,/data2/hrd/Dyn-HaMR/test/images/rgb/000227.jpg,7.533333333333333,1,0.03292202204465866,0.06876787543296814,0.841993510723114,-3.0074189708799977,0.2980802028547537,1.536373451669462,86.22524380564924,510.8035612057823,350.79040652387386,1.0,481.8911469394904,308.6937759575485,1.0,449.766584051235,276.0379999924594,1.0,419.51684009256314,249.8546029734486,1.0,377.0407408721791,217.78023414214476,1.0,494.4223745833181,219.05232851210954,1.0,467.5852979011193,185.69530049163828,1.0,444.8084873986436,169.85249738056274,1.0,426.9476353187098,147.4659784321787,1.0,503.23852131503253,220.9008673524198,1.0,459.6381270888662,230.71007663716804,1.0,443.3812745225996,257.07173163367844,1.0,463.3333078626953,278.37753190275606,1.0,504.11816635184914,248.37252673142802,1.0,464.50889637006776,244.3749546534365,1.0,449.0804361954815,270.85497358852916,1.0,479.26442714747674,279.5483915927901,1.0,499.2726254234397,272.3056416218863,1.0,474.74964788959215,258.0061499492595,1.0,459.2344450223114,273.3670080454185,1.0,481.11805451955706,283.076154037761,1.0,0.42967864881272894,-8.73963346024363,-11.50590245822634,14.310220384108181,-11.112185095259791,-23.47534519488313,25.484806921822077,1,OK,1,OK,1,OK,1,OK,1,OK,1,OK,1,OK
227,/data2/hrd/Dyn-HaMR/test/images/rgb/000228.jpg,7.566666666666666,1,0.034570202231407166,0.06895516067743301,0.8491912484169006,-3.0049211772905617,0.28844206108953635,1.5203513665712756,74.17174096453554,511.1828517913291,350.10466876845385,1.0,481.79196385753954,309.23481099485343,1.0,450.69688651451486,276.631822088648,1.0,421.7721828475369,249.45306427803143,1.0,379.30131231683663,216.91995174747717,1.0,492.9010833184163,220.15320637917557,1.0,462.6626615426495,190.61386839466223,1.0,438.6713385045965,177.05455021049175,1.0,420.31940351733886,155.1221900406205,1.0,501.6539874283787,221.59079263588865,1.0,458.41983845015795,231.57254781645042,1.0,441.602166676892,257.4815827382974,1.0,458.9489019471322,280.3841730710153,1.0,502.92999779907524,248.59428217058476,1.0,463.7162318398003,245.22359099614172,1.0,447.15404311451323,271.16528220419667,1.0,475.95742273822697,282.2305539648967,1.0,498.59195383386395,272.16017513620164,1.0,473.0650550963099,260.0578133972393,1.0,456.4247330500317,274.54463098003043,1.0,476.62181682192113,285.59093443353413,1.0,0.35453050525483254,-9.656983692917535,-11.76663635592477,15.054554077638507,-12.053009414231788,-23.20005832769549,25.58716204165022,1,OK,1,OK,1,OK,1,OK,1,OK,1,OK,1,OK
228,/data2/hrd/Dyn-HaMR/test/images/rgb/000229.jpg,7.6,1,0.034623607993125916,0.07018747180700302,0.8599681854248047,-2.991211985723409,0.26603474202380795,1.5499930898622636,59.38186918403486,508.9394670298552,350.54532950249995,1.0,480.72423994918154,309.86610571451547,1.0,451.25513536927474,276.09726066178484,1.0,422.96463072231745,249.0477741739196,1.0,382.36564504031594,215.73057221259842,1.0,494.3268162536583,221.46417396103607,1.0,459.9186116433823,195.71060094271706,1.0,433.9636336891599,184.5754365715893,1.0,412.7025365255413,164.68275734454073,1.0,503.32869986262995,222.52413859092667,1.0,460.379862576896,231.84731823565016,1.0,442.8735868982303,257.22779621095856,1.0,466.8529423531174,275.294451985588,1.0,504.19405870431456,248.80395026392034,1.0,465.6488870698177,244.6236998522877,1.0,448.7359462603572,270.67073017911537,1.0,479.8982474417778,277.5869949278931,1.0,499.4644489288612,271.68057731649606,1.0,474.8922161952162,258.6709943309568,1.0,457.21111091746934,271.92838622186326,1.0,477.16390227973056,283.99282099588936,1.0,0.2623223378519986,-12.538010858190692,-11.201327437502128,16.582512456829544,-15.200237184190147,-23.75419277949352,27.348457848192226,1,OK,1,OK,1,OK,1,OK,1,OK,1,OK,1,OK
229,/data2/hrd/Dyn-HaMR/test/images/rgb/000230.jpg,7.633333333333334,1,0.03651674836874008,0.07128623127937317,0.8684436678886414,-3.0057588372366126,0.24343848987218505,1.5255173479518045,47.05547215555919,509.73919614091085,351.0133940508907,1.0,481.3034199596824,312.0297306860448,1.0,452.55998410748884,278.4804309990583,1.0,425.90322893816483,250.19589161245813,1.0,385.9331610970761,216.2971285542723,1.0,492.7009073879011,223.456625838014,1.0,456.17437523354613,200.72909802786793,1.0,429.01891489240245,192.5641382074773,1.0,406.3635498971893,173.90825415002777,1.0,501.0770693703249,223.64194543525173,1.0,458.3905359924537,231.53951106328714,1.0,438.99079585130664,255.73492657774673,1.0,449.514085932331,281.50099094488985,1.0,501.99111243494644,249.1601394699516,1.0,463.7941124443438,244.25566425486795,1.0,445.6672121063467,269.33937127526457,1.0,470.8725739290561,284.3390901830869,1.0,497.5310352244775,271.48342383332874,1.0,471.4191169809501,262.51492274114105,1.0,452.73341949833946,274.478707272782,1.0,469.4213047053719,288.43383524422654,1.0,0.18547282234950505,-15.601619545911342,-11.713591843709937,19.177412801003726,-18.339332800667446,-23.24000901422448,28.47904056511343,1,OK,1,OK,1,OK,1,OK,1,OK,1,OK,1,OK
230,/data2/hrd/Dyn-HaMR/test/images/rgb/000231.jpg,7.666666666666667,1,0.03625473380088806,0.07205033302307129,0.8654382824897766,-3.0554073620686455,0.2077738208926398,1.5222549309382716,32.069378279746054,509.42684785470135,352.43015767719044,1.0,482.63138956196235,314.32427141054484,1.0,454.37584407919167,280.04248296555863,1.0,428.9752916851734,250.26813235492986,1.0,389.9652996794333,214.6990306859334,1.0,493.5420935520136,224.74089615908574,1.0,453.22448331844055,206.52007630810962,1.0,424.437863752412,201.4278073637373,1.0,399.1780519388849,183.98144257984313,1.0,500.1941482746703,223.94590972825426,1.0,457.0005323577585,230.02010384429317,1.0,436.30654368827834,253.48594066388765,1.0,443.6740668457736,279.9776420781071,1.0,499.53518515257144,248.71590803496625,1.0,461.555204683499,242.74716481402416,1.0,443.9027612173953,268.1416072179551,1.0,468.5556377012538,284.5586987268515,1.0,494.0693894980186,270.42719817441844,1.0,467.41677641470926,264.2940897835555,1.0,451.8365263238875,278.76690676294777,1.0,470.2480505253983,291.5046749028079,1.0,0.09204129884992931,-19.948563500178473,-12.554907662670132,23.065746722651557,-22.708876332857724,-22.376168869988412,30.414723430598023,1,OK,1,OK,1,OK,1,OK,1,OK,1,OK,1,OK
231,/data2/hrd/Dyn-HaMR/test/images/rgb/000232.jpg,7.7,1,0.03569168597459793,0.07030530273914337,0.8757445216178894,-3.056142523461601,0.17577493190565877,1.5655213580418446,21.166835204771317,506.3559948282103,348.69975166272104,1.0,481.5873765639832,310.54575580356084,1.0,454.4440732230638,275.8436422636332,1.0,428.8701023175187,247.24489090119218,1.0,392.5684525074903,212.35315468378636,1.0,496.18024842070736,221.77796848620832,1.0,453.19030301419116,209.93934317319267,1.0,423.92771716707887,207.0309844338626,1.0,396.9778121931595,191.6506799585671,1.0,502.88347694912227,220.63330654062642,1.0,460.3927708495479,219.9551856404481,1.0,430.12258201572206,219.90328945634732,1.0,400.36367501315544,206.5588609840003,1.0,501.2003416500811,244.60386880333922,1.0,465.83006179732365,230.4505633764978,1.0,433.29159868854424,228.69059939536965,1.0,402.10790737497155,216.32757780423466,1.0,494.78440517763613,265.54932777130796,1.0,471.1894939664668,252.1900958384625,1.0,447.5268528039718,246.262549135378,1.0,421.2505305044373,238.39143955801651,1.0,0.02406886934588897,-22.177649316754284,-14.408589979508909,25.72684089261305,-24.55691671129929,-20.479128157503638,30.546413477193653,1,OK,1,OK,1,OK,1,OK,1,OK,1,OK,1,OK
232,/data2/hrd/Dyn-HaMR/test/images/rgb/000233.jpg,7.733333333333333,1,0.03538976609706879,0.0702347531914711,0.8749738335609436,-3.081613534721598,0.14923004212436025,1.5620389595196142,18.794286151626558,505.9074522706154,348.67014618762425,1.0,481.8961952194695,311.388533744499,1.0,455.1897509942304,276.24649794060133,1.0,430.36761698732755,246.66509925596742,1.0,393.00888145634474,212.09766755692058,1.0,496.1872290198238,221.88206783921487,1.0,452.75602664406995,210.44276581810604,1.0,423.07844702692944,209.26685514676743,1.0,395.5385564892664,193.4744042505869,1.0,501.9658500005013,219.93958660923576,1.0,459.214991687753,218.28117661281672,1.0,428.6784169860888,217.89831440723356,1.0,398.5191304935215,204.62564512735358,1.0,499.4540091528046,243.35116592778164,1.0,464.023663852145,229.1824720345394,1.0,431.5569683858521,225.74621507130846,1.0,400.24009031476214,212.62665943129346,1.0,492.5465054010789,263.8571887244847,1.0,468.46211476605595,251.19737755132155,1.0,444.6567079029046,245.7482301250202,1.0,416.83604936124414,235.2517284005286,1.0,0.0092770980911688,-24.15032648911579,-17.416026963391968,28.688028104934848,-25.797810698151466,-17.406936873160124,29.948037864531656,1,OK,1,OK,1,OK,1,OK,1,OK,1,OK,1,OK
233,/data2/hrd/Dyn-HaMR/test/images/rgb/000234.jpg,7.766666666666667,1,0.035244956612586975,0.07057677209377289,0.8738442659378052,-3.080424407143122,0.1533200586095084,1.564233714718329,17.306271639158357,505.8284705154241,349.27839145203507,1.0,481.9019151677704,311.8255380179153,1.0,455.16294232235646,276.49887935519814,1.0,430.32067416333155,246.7782542926246,1.0,393.1464788283205,211.90934163350298,1.0,496.3301258043317,222.42100669153237,1.0,452.5888337802244,211.758434064006,1.0,422.8860168971436,210.79811961404448,1.0,395.4610288329501,194.75854292544258,1.0,502.1115399745386,220.63110031325536,1.0,459.2507908463059,219.9648454569142,1.0,428.65923391361594,219.7984074561579,1.0,398.66961979922837,206.26309185590011,1.0,499.57748482722184,244.11652597774477,1.0,463.9707868304864,230.49789789796674,1.0,431.4310935515356,227.6180762977871,1.0,400.1276881168118,214.452967110917,1.0,492.6571320719312,264.6575311197522,1.0,468.6558504248352,251.95871684577682,1.0,444.81701820079115,246.9278982819942,1.0,417.08049155511856,237.4543384372267,1.0,0.0,-25.098519300182055,-18.751313191738248,30.04883981152705,-26.39889064362105,-16.0625738610688,29.849051533753652,1,OK,1,OK,1,OK,1,OK,1,OK,1,OK,1,OK
234,/data2/hrd/Dyn-HaMR/test/images/rgb/000235.jpg,7.8,1,0.035550735890865326,0.07072494924068451,0.8716590404510498,-3.099474765004476,0.1537441403774741,1.555500065182332,18.2419608057502,506.50929444264455,349.73442001807234,1.0,482.8871809173975,312.4519716506253,1.0,455.9183352790993,277.33142239516235,1.0,431.2048176799344,247.42045484782557,1.0,393.1461836854147,213.01148988338414,1.0,496.45716784114484,222.8669067007795,1.0,452.50210032550024,212.20603196701026,1.0,422.58192303426586,211.48279951029326,1.0,394.9455264473654,194.85848738617884,1.0,501.566720522865,221.02387203961976,1.0,458.55486150516276,220.32537907825522,1.0,427.76198263615606,220.3479243548809,1.0,397.23596359008843,207.14589411755273,1.0,498.61390841387254,244.52600125795288,1.0,462.93782864957495,231.06242913057213,1.0,430.2005969093025,228.38249570838738,1.0,398.41860257292376,215.99390790557786,1.0,491.4855542064174,265.0857697775449,1.0,467.17630446582666,253.07597341809864,1.0,443.3447690633608,248.57893817713344,1.0,415.1978477114362,239.13017681459405,1.0,0.005833599140722096,-25.534680231137525,-21.00371876077802,31.503369805056295,-26.266610177405955,-13.7745785790835,28.856642078187736,1,OK,1,OK,1,OK,1,OK,1,OK,1,OK,1,OK
235,/data2/hrd/Dyn-HaMR/test/images/rgb/000236.jpg,7.833333333333333,1,0.03541427105665207,0.07116465270519257,0.8693384528160095,-3.118454571920578,0.1751205009467219,1.5525661402980648,17.69934334459237,506.72274163015754,350.62832533174753,1.0,483.6818322984427,312.64624521331405,1.0,456.5600222611764,277.5062562016111,1.0,431.50148363787287,247.87733902399304,1.0,393.28439666553095,213.37116381576803,1.0,496.72565941473715,223.50220753077278,1.0,452.7852105726573,213.07978238434347,1.0,422.8980337156481,212.1756288334218,1.0,395.43998641412566,195.80357469074806,1.0,501.180610763462,222.36524873666227,1.0,458.22763674841065,221.37254786398626,1.0,427.53614446237464,220.77137152966438,1.0,397.63061767244164,206.80627198890943,1.0,497.7644225584421,246.33235473037772,1.0,462.35804430857354,232.30624865189142,1.0,429.8411832318494,228.47923607428734,1.0,398.87419415161514,214.4294174093496,1.0,490.34351557377613,267.20555512952603,1.0,466.5048868741277,254.3308366553747,1.0,442.95341436143156,248.06610887586308,1.0,415.31974015688013,236.1911956783873,1.0,0.0024506244647612505,-26.569052898602727,-22.556111494909658,33.02734955007514,-26.869943094636415,-12.176095021123672,28.841601655396598,1,OK,1,OK,1,OK,1,OK,1,OK,1,OK,1,OK
236,/data2/hrd/Dyn-HaMR/test/images/rgb/000237.jpg,7.866666666666666,1,0.03532428294420242,0.07078814506530762,0.8678691983222961,-3.1196394575798285,0.1649168969851644,1.5524714233142978,17.994753627820817,506.91515541780734,350.2764996787495,1.0,483.8624390352421,312.54776363943836,1.0,456.6193839447229,277.3917936898959,1.0,431.6244561454241,247.58920441241753,1.0,393.4962913722751,213.24111311386878,1.0,496.9884484991544,222.92774915626555,1.0,452.8813110394127,212.43351274186352,1.0,422.8880994635268,211.66097929499907,1.0,395.1259026591773,195.32030048777474,1.0,501.4010927050907,221.45930975251636,1.0,458.3089827698785,220.20415019587745,1.0,427.50158266869767,219.62023728529311,1.0,397.0393724133137,206.10973064653567,1.0,497.9005920226009,245.27158183333208,1.0,462.41329584223786,231.10608170932997,1.0,429.8210160964269,227.15049570108872,1.0,398.5690883936271,213.49275118295313,1.0,490.417061444134,266.0404471697867,1.0,466.38141506503825,253.3441735333084,1.0,442.7173797714946,247.22223752321528,1.0,414.9102977477347,235.1527915274837,1.0,0.004292374092662687,-27.2862657401413,-22.51809697945906,33.49617167783513,-27.57397259801685,-12.206968250483705,29.47713677883534,1,OK,1,OK,1,OK,1,OK,1,OK,1,OK,1,OK
237,/data2/hrd/Dyn-HaMR/test/images/rgb/000238.jpg,7.9,1,0.034638553857803345,0.07085108757019043,0.8614256978034973,-3.123439334935897,0.1896343052221978,1.555635006577352,18.432978971191673,507.4704748365515,351.1859984342294,1.0,484.48236326730273,312.3070161969936,1.0,456.900987100095,277.1444037691631,1.0,431.19690317814366,247.70830411794,1.0,392.76955974999873,213.2323284258285,1.0,497.8549173829439,222.7558092142293,1.0,453.4746254922753,212.21843235217602,1.0,423.2476535781734,210.9226884207892,1.0,395.22324085444234,194.96338858822187,1.0,502.1615824930292,222.14694930170845,1.0,458.9045958842927,220.18311921759536,1.0,427.8602029025791,219.42103108844822,1.0,397.1330989959491,206.01699544724033,1.0,498.4985530316802,246.66026459418512,1.0,463.36636947183285,231.17765474650605,1.0,430.6673256213329,226.89466242849176,1.0,399.49916421371324,212.74240785402557,1.0,490.8446853736932,267.90458164664744,1.0,467.1095997709165,254.35694434488383,1.0,443.553198050785,247.41373150218138,1.0,415.9454887476859,235.17954846582992,1.0,0.007024511086235484,-27.47637078680839,-22.987252016556923,33.86631379657023,-27.62942287976411,-11.754860878659349,29.39197989811639,1,OK,1,OK,1,OK,1,OK,1,OK,1,OK,1,OK
238,/data2/hrd/Dyn-HaMR/test/images/rgb/000239.jpg,7.933333333333334,1,0.034666143357753754,0.07065597176551819,0.8650125861167908,-3.098563536771753,0.1747290658599358,1.5566962751646451,21.026196611257,507.2232965687459,350.48219916878463,1.0,483.26319326642977,312.20254649985634,1.0,454.8917456356104,277.60232016120204,1.0,428.7069180525665,248.33013370295717,1.0,389.9908375822737,213.67185039366026,1.0,497.0999626979037,222.00780115958727,1.0,452.73213329292,210.8173155640949,1.0,422.5364906519095,209.01176861554873,1.0,394.26342834814693,193.08433203707804,1.0,502.3107218173651,220.7469849017301,1.0,459.06300851880314,219.29597622913448,1.0,428.0899821967447,219.12654850796207,1.0,396.68771846791185,207.2632136414195,1.0,499.31493460110414,244.9400715638864,1.0,463.8076051665695,230.09293994989912,1.0,430.70126144284734,228.47424609319842,1.0,397.82931992681677,219.04221360060424,1.0,492.02669882201883,266.0142848959043,1.0,467.25030091306616,254.37097043571188,1.0,443.2025559720963,250.3156575236576,1.0,416.0206781532801,243.48495594519167,1.0,0.02319205126615655,-24.632835086654154,-20.653984471480957,30.692656221583857,-25.482605063596846,-14.143037893787575,28.32977025966376,1,OK,1,OK,1,OK,1,OK,1,OK,1,OK,1,OK
239,/data2/hrd/Dyn-HaMR/test/images/rgb/000240.jpg,7.966666666666667,1,0.03531815856695175,0.07197212427854538,0.8559180498123169,-3.040469621692923,0.204671088768086,1.5204537639383835,28.400078957683842,510.62911623716354,353.62789380550385,1.0,482.7919652760029,315.1497657597065,1.0,453.70591013878584,280.3877294063568,1.0,427.17431804537773,250.4666983783245,1.0,387.13999915122986,214.43664020299911,1.0,493.882016569376,224.11886006593704,1.0,452.45675490796566,206.34435015916824,1.0,422.7659323811531,202.5733123421669,1.0,395.2366198897362,187.21515572071075,1.0,501.1269096136093,223.25623938441277,1.0,457.2483808994293,229.21800896525383,1.0,436.17960011959076,253.10153207182884,1.0,439.79278376698494,282.4413124807179,1.0,500.95380038022995,248.40232387185097,1.0,462.68193866685033,240.38961121439934,1.0,442.27144744992256,264.72972971200943,1.0,462.8697882145643,284.4258694425225,1.0,495.74482548236847,270.45646888390183,1.0,469.3264346793294,260.9351293593645,1.0,449.45516507327557,271.56454833596945,1.0,463.5658863633871,286.7109341621399,1.0,0.06916487563536891,-21.433913620845008,-18.02541611435922,27.017560937189348,-22.968403286251473,-16.831494501812646,27.506658194098563,1,OK,1,OK,1,OK,1,OK,1,OK,1,OK,1,OK
240,/data2/hrd/Dyn-HaMR/test/images/rgb/000241.jpg,8.0,1,0.03243470937013626,0.07173754274845123,0.8442074060440063,-3.0695581662752085,0.2736109775080869,1.5383019325637255,41.135608261094745,509.5324439188456,354.780769608847,1.0,483.18034888601926,313.15063067059475,1.0,452.7494893720565,278.00701199224807,1.0,423.5787803180865,249.64499241141797,1.0,382.9587976440089,212.87802228659953,1.0,495.32514049899567,223.0296685124437,1.0,455.76216593181505,201.27421106474745,1.0,427.05039021572645,193.18218623816696,1.0,401.2926581573847,176.0540107494744,1.0,501.5258029773298,224.61727743735537,1.0,457.8298191836384,233.4344431515492,1.0,439.5786240756861,258.5322946481368,1.0,466.1223923107609,273.9841791683151,1.0,500.0378500606894,251.4335561267144,1.0,461.2661959856522,246.60988450627337,1.0,443.6886323665967,272.14846893668744,1.0,474.8982911088618,279.4750927260284,1.0,493.6894657265366,274.5505468888732,1.0,468.1339264240263,263.31318815188024,1.0,451.5253731647002,276.6601249229776,1.0,473.183531992996,287.2461957133928,1.0,0.14856514599612083,-18.62409466025933,-16.99822734320505,24.465441696807364,-20.399622586350343,-17.903564363836185,26.225533439214086,1,OK,1,OK,1,OK,1,OK,1,OK,1,OK,1,OK
